﻿Name,First Join,Last Leave,In-Meeting Duration,Email,Meeting title,Meeting duration
Alice Tache,"6/25/25, 1:54:59 PM","6/25/25, 3:37:48 PM",1h 42m 48s,Alice.Tache@endava.com,Dava.X Academy - ETL Theory training sessions,1h 56m 4s
Costin Manolescu,"6/25/25, 1:45:04 PM","6/25/25, 3:37:48 PM",1h 50m,Costin.Manolescu@endava.com,Dava.X Academy - ETL Theory training sessions,1h 56m 4s
Alexandra Simona Danca,"6/25/25, 1:45:10 PM","6/25/25, 3:37:48 PM",1h 48m 22s,Alexandra-Simona.Danca@endava.com,Dava.X Academy - ETL Theory training sessions,1h 56m 4s
Arthur Negosanu,"6/25/25, 1:45:13 PM","6/25/25, 3:37:56 PM",1h 52m 42s,Arthur.Negosanu@endava.com,Dava.X Academy - ETL Theory training sessions,1h 56m 4s
Stefan Tiberiu Paduraru,"6/25/25, 1:45:13 PM","6/25/25, 3:38:07 PM",1h 48m 31s,Stefan-Tiberiu.Paduraru@endava.com,Dava.X Academy - ETL Theory training sessions,1h 56m 4s
Andrei Tudor Grumazescu,"6/25/25, 1:45:15 PM","6/25/25, 3:35:38 PM",1h 38m 30s,Andrei-Tudor.Grumazescu@endava.com,Dava.X Academy - ETL Theory training sessions,1h 56m 4s
Luka Popovici,"6/25/25, 1:45:16 PM","6/25/25, 3:37:49 PM",1h 52m 33s,Luka.Popovici@endava.com,Dava.X Academy - ETL Theory training sessions,1h 56m 4s
Rares Agachi,"6/25/25, 1:45:30 PM","6/25/25, 3:37:47 PM",1h 37m 9s,Rares.Agachi@endava.com,Dava.X Academy - ETL Theory training sessions,1h 56m 4s
Rares Muresan,"6/25/25, 1:45:49 PM","6/25/25, 3:37:49 PM",1h 52m,Rares.Muresan@endava.com,Dava.X Academy - ETL Theory training sessions,1h 56m 4s
Vlad Ionut Guriuc,"6/25/25, 1:46:18 PM","6/25/25, 3:37:50 PM",1h 51m 31s,Vlad-Ionut.Guriuc@endava.com,Dava.X Academy - ETL Theory training sessions,1h 56m 4s
Dan Teodor Buzoianu,"6/25/25, 1:47:13 PM","6/25/25, 3:35:36 PM",1h 39m 46s,Dan-Teodor.Buzoianu@endava.com,Dava.X Academy - ETL Theory training sessions,1h 56m 4s
Maria Camelia Raicu,"6/25/25, 1:47:14 PM","6/25/25, 3:37:48 PM",1h 50m 34s,Maria-Camelia.Raicu@endava.com,Dava.X Academy - ETL Theory training sessions,1h 56m 4s
Polina Ciumac,"6/25/25, 1:47:15 PM","6/25/25, 3:37:51 PM",1h 50m 36s,Polina.Ciumac@endava.com,Dava.X Academy - ETL Theory training sessions,1h 56m 4s
Ionut Popescu,"6/25/25, 1:47:17 PM","6/25/25, 3:37:48 PM",1h 44m 59s,Ionut.Popescu@endava.com,Dava.X Academy - ETL Theory training sessions,1h 56m 4s
Nicola-Diana Sincaru,"6/25/25, 1:47:23 PM","6/25/25, 3:37:50 PM",1h 40m 47s,Nicola-Diana.Sincaru@endava.com,Dava.X Academy - ETL Theory training sessions,1h 56m 4s
Adina Denisa Horj,"6/25/25, 1:47:24 PM","6/25/25, 3:37:47 PM",1h 50m 23s,Adina-Denisa.Horj@endava.com,Dava.X Academy - ETL Theory training sessions,1h 56m 4s
Adelina Patlatii,"6/25/25, 1:47:31 PM","6/25/25, 3:37:47 PM",1h 45m 16s,Adelina.Patlatii@endava.com,Dava.X Academy - ETL Theory training sessions,1h 56m 4s
Rares Anton Brezeanu,"6/25/25, 1:47:46 PM","6/25/25, 3:37:52 PM",1h 50m 5s,Rares-Anton.Brezeanu@endava.com,Dava.X Academy - ETL Theory training sessions,1h 56m 4s
Sanda Dobrenco,"6/25/25, 1:47:54 PM","6/25/25, 3:36:09 PM",1h 48m 14s,Sanda.Dobrenco@endava.com,Dava.X Academy - ETL Theory training sessions,1h 56m 4s
Dragos Vatra,"6/25/25, 1:47:55 PM","6/25/25, 3:37:47 PM",1h 48m 43s,Dragos.Vatra@endava.com,Dava.X Academy - ETL Theory training sessions,1h 56m 4s
Andrei Mihnea,"6/25/25, 1:47:58 PM","6/25/25, 3:37:49 PM",1h 49m 51s,Andrei.Mihnea@endava.com,Dava.X Academy - ETL Theory training sessions,1h 56m 4s
Andrei-Alexandru Midus,"6/25/25, 1:48:26 PM","6/25/25, 3:37:50 PM",1h 45m 37s,Andrei-Alexandru.Midus@endava.com,Dava.X Academy - ETL Theory training sessions,1h 56m 4s
Stefan-Daniel Ochian,"6/25/25, 1:48:30 PM","6/25/25, 3:37:51 PM",1h 49m 20s,Stefan-Daniel.Ochian@endava.com,Dava.X Academy - ETL Theory training sessions,1h 56m 4s
Cristiana Ioana Apastinei,"6/25/25, 1:48:40 PM","6/25/25, 3:37:29 PM",1h 48m 48s,Cristiana-Ioana.Apastinei@endava.com,Dava.X Academy - ETL Theory training sessions,1h 56m 4s
Cristian Ghiuta,"6/25/25, 1:48:46 PM","6/25/25, 3:37:49 PM",1h 49m 2s,Cristian.Ghiuta@endava.com,Dava.X Academy - ETL Theory training sessions,1h 56m 4s
Bogdan Ionut Tibuleac,"6/25/25, 1:49:02 PM","6/25/25, 3:37:49 PM",1h 48m 47s,Bogdan-Ionut.Tibuleac@endava.com,Dava.X Academy - ETL Theory training sessions,1h 56m 4s
Sergiu Ungureanu,"6/25/25, 1:49:19 PM","6/25/25, 3:37:48 PM",1h 48m 28s,Sergiu.Ungureanu2@endava.com,Dava.X Academy - ETL Theory training sessions,1h 56m 4s
Alexandru Lazar,"6/25/25, 1:49:22 PM","6/25/25, 3:37:46 PM",1h 48m 24s,Alexandru.Lazar@endava.com,Dava.X Academy - ETL Theory training sessions,1h 56m 4s
Stefan Liute,"6/25/25, 1:49:28 PM","6/25/25, 3:37:47 PM",1h 48m 18s,Stefan.Liute@endava.com,Dava.X Academy - ETL Theory training sessions,1h 56m 4s
Rares Gabriel Margarint,"6/25/25, 1:49:32 PM","6/25/25, 3:37:48 PM",1h 48m 16s,Rares-Gabriel.Margarint@endava.com,Dava.X Academy - ETL Theory training sessions,1h 56m 4s
Denis Roca,"6/25/25, 1:49:34 PM","6/25/25, 3:37:49 PM",1h 48m 15s,Denis.Roca@endava.com,Dava.X Academy - ETL Theory training sessions,1h 56m 4s
Radu Ioan Maris,"6/25/25, 1:49:35 PM","6/25/25, 3:37:49 PM",1h 48m 14s,Radu-Ioan.Maris@endava.com,Dava.X Academy - ETL Theory training sessions,1h 56m 4s
Vlad Muresan,"6/25/25, 1:49:43 PM","6/25/25, 3:37:49 PM",1h 48m 6s,Vlad.Muresan3@endava.com,Dava.X Academy - ETL Theory training sessions,1h 56m 4s
Cornel Adrian Pop,"6/25/25, 1:49:56 PM","6/25/25, 3:37:49 PM",1h 47m 52s,Cornel-Adrian.Pop@endava.com,Dava.X Academy - ETL Theory training sessions,1h 56m 4s
Vlad Ioan Durdeu,"6/25/25, 1:50:15 PM","6/25/25, 3:37:47 PM",1h 47m 31s,Vlad-Ioan.Durdeu@endava.com,Dava.X Academy - ETL Theory training sessions,1h 56m 4s
Alex Rares Roman,"6/25/25, 1:50:16 PM","6/25/25, 3:37:47 PM",1h 47m 30s,Alex-Rares.Roman@endava.com,Dava.X Academy - ETL Theory training sessions,1h 56m 4s
Robert-Cosmin Tudorache,"6/25/25, 1:50:26 PM","6/25/25, 3:37:51 PM",1h 47m 24s,Robert-Cosmin.Tudorache@endava.com,Dava.X Academy - ETL Theory training sessions,1h 56m 4s
Cosmin Felecanu,"6/25/25, 1:50:33 PM","6/25/25, 3:37:48 PM",1h 47m 15s,Cosmin.Felecanu@endava.com,Dava.X Academy - ETL Theory training sessions,1h 56m 4s
Oana-Maria Danciu,"6/25/25, 1:50:38 PM","6/25/25, 3:37:52 PM",1h 40m 42s,Oana-Maria.Danciu@endava.com,Dava.X Academy - ETL Theory training sessions,1h 56m 4s
Flora Balogh,"6/25/25, 1:50:45 PM","6/25/25, 3:37:48 PM",1h 47m 3s,Flora.Balogh@endava.com,Dava.X Academy - ETL Theory training sessions,1h 56m 4s
Attila Szasz,"6/25/25, 1:50:54 PM","6/25/25, 2:51:24 PM",49m 6s,Attila.Szasz@endava.com,Dava.X Academy - ETL Theory training sessions,1h 56m 4s
Robert Negre,"6/25/25, 1:50:55 PM","6/25/25, 3:37:49 PM",1h 46m 54s,Robert.Negre@endava.com,Dava.X Academy - ETL Theory training sessions,1h 56m 4s
Veronica Caplea,"6/25/25, 1:50:58 PM","6/25/25, 3:37:48 PM",1h 46m 50s,Veronica.Caplea@endava.com,Dava.X Academy - ETL Theory training sessions,1h 56m 4s
Calin Ciobanu,"6/25/25, 1:50:59 PM","6/25/25, 3:37:50 PM",1h 46m 50s,Calin.Ciobanu@endava.com,Dava.X Academy - ETL Theory training sessions,1h 56m 4s
Tiberiu Gabriel Suditu,"6/25/25, 1:51:05 PM","6/25/25, 3:35:56 PM",1h 44m 50s,Tiberiu-Gabriel.Suditu@endava.com,Dava.X Academy - ETL Theory training sessions,1h 56m 4s
Virgil Cimpean,"6/25/25, 1:51:13 PM","6/25/25, 3:37:52 PM",1h 46m 38s,Virgil.Cimpean@endava.com,Dava.X Academy - ETL Theory training sessions,1h 56m 4s
Marcos Dimitris Fetcu,"6/25/25, 1:51:22 PM","6/25/25, 3:37:51 PM",1h 46m 28s,Marcos-Dimitris.Fetcu@endava.com,Dava.X Academy - ETL Theory training sessions,1h 56m 4s
Iuliana Elena Rusu,"6/25/25, 1:51:33 PM","6/25/25, 3:37:48 PM",1h 46m 14s,Iuliana-Elena.Rusu@endava.com,Dava.X Academy - ETL Theory training sessions,1h 56m 4s
Iuliana Raluca Butnariu,"6/25/25, 1:51:47 PM","6/25/25, 3:37:48 PM",1h 46m 1s,Iuliana-Raluca.Butnariu@endava.com,Dava.X Academy - ETL Theory training sessions,1h 56m 4s
Andreea Cront,"6/25/25, 1:51:52 PM","6/25/25, 3:37:47 PM",1h 45m 55s,Andreea.Cront@endava.com,Dava.X Academy - ETL Theory training sessions,1h 56m 4s
Tudor Mihai,"6/25/25, 1:52:08 PM","6/25/25, 3:37:48 PM",1h 45m 40s,Tudor.Mihai@endava.com,Dava.X Academy - ETL Theory training sessions,1h 56m 4s
Stefan Gabriel Verde,"6/25/25, 1:52:18 PM","6/25/25, 2:52:11 PM",59m 52s,Stefan-Gabriel.Verde@endava.com,Dava.X Academy - ETL Theory training sessions,1h 56m 4s
Vlad Andrei Groza,"6/25/25, 1:52:26 PM","6/25/25, 3:37:50 PM",1h 43m 40s,Vlad-Andrei.Groza@endava.com,Dava.X Academy - ETL Theory training sessions,1h 56m 4s
Andrei L Popovici,"6/25/25, 1:52:27 PM","6/25/25, 3:37:48 PM",1h 45m 20s,Andrei.Popovici2@endava.com,Dava.X Academy - ETL Theory training sessions,1h 56m 4s
Augustin Dumitru Sasu,"6/25/25, 1:52:40 PM","6/25/25, 3:37:47 PM",1h 45m 6s,Augustin-Dumitru.Sasu@endava.com,Dava.X Academy - ETL Theory training sessions,1h 56m 4s
Daniel Kewin Chifa,"6/25/25, 1:53:02 PM","6/25/25, 3:37:48 PM",1h 42m 11s,Daniel-Kewin.Chifa@endava.com,Dava.X Academy - ETL Theory training sessions,1h 56m 4s
Constantin Bogdan Moga,"6/25/25, 1:53:07 PM","6/25/25, 3:36:48 PM",1h 39m 32s,Constantin-Bogdan.Moga@endava.com,Dava.X Academy - ETL Theory training sessions,1h 56m 4s
Claudiu Marinescu,"6/25/25, 1:53:13 PM","6/25/25, 3:37:50 PM",1h 44m 37s,Claudiu.Marinescu@endava.com,Dava.X Academy - ETL Theory training sessions,1h 56m 4s
Daniela Munteanu,"6/25/25, 1:53:17 PM","6/25/25, 3:37:47 PM",1h 44m 29s,Daniela.Munteanu@endava.com,Dava.X Academy - ETL Theory training sessions,1h 56m 4s
Alexandru Zagan,"6/25/25, 1:53:23 PM","6/25/25, 3:37:50 PM",1h 44m 26s,Alexandru.Zagan@endava.com,Dava.X Academy - ETL Theory training sessions,1h 56m 4s
Irina Morosanu,"6/25/25, 1:53:25 PM","6/25/25, 3:37:47 PM",1h 44m 21s,Irina.Morosanu@endava.com,Dava.X Academy - ETL Theory training sessions,1h 56m 4s
Simona Boicu,"6/25/25, 1:53:27 PM","6/25/25, 3:37:07 PM",1h 43m 40s,Simona.Boicu@endava.com,Dava.X Academy - ETL Theory training sessions,1h 56m 4s
Sabin Chirila,"6/25/25, 1:53:33 PM","6/25/25, 3:37:47 PM",1h 44m 13s,Sabin.Chirila@endava.com,Dava.X Academy - ETL Theory training sessions,1h 56m 4s
Andreea Maria Monete,"6/25/25, 1:53:37 PM","6/25/25, 3:37:20 PM",1h 43m 43s,Andreea-Maria.Monete@endava.com,Dava.X Academy - ETL Theory training sessions,1h 56m 4s
Ioan Agape,"6/25/25, 1:53:46 PM","6/25/25, 3:37:49 PM",1h 44m 3s,Ioan.Agape@endava.com,Dava.X Academy - ETL Theory training sessions,1h 56m 4s
Alexandra Elena Pitaru,"6/25/25, 1:53:54 PM","6/25/25, 3:37:49 PM",1h 43m 54s,Alexandra-Elena.Pitaru@endava.com,Dava.X Academy - ETL Theory training sessions,1h 56m 4s
Maria Madalina Olaru,"6/25/25, 1:54:06 PM","6/25/25, 3:37:53 PM",1h 43m 47s,Maria-Madalina.Olaru@endava.com,Dava.X Academy - ETL Theory training sessions,1h 56m 4s
Beniamin Cioban,"6/25/25, 1:54:10 PM","6/25/25, 3:37:51 PM",1h 43m 41s,Beniamin.Cioban@endava.com,Dava.X Academy - ETL Theory training sessions,1h 56m 4s
Mihai Cristian Tabarcea,"6/25/25, 1:54:21 PM","6/25/25, 3:36:20 PM",1h 41m 58s,Mihai-Cristian.Tabarcea@endava.com,Dava.X Academy - ETL Theory training sessions,1h 56m 4s
Vasile Meghesan,"6/25/25, 1:54:26 PM","6/25/25, 3:37:56 PM",1h 43m 29s,Vasile.Meghesan@endava.com,Dava.X Academy - ETL Theory training sessions,1h 56m 4s
Tudor Mihai Iakkel,"6/25/25, 1:54:27 PM","6/25/25, 3:37:50 PM",1h 43m 23s,Tudor-Mihai.Iakkel@endava.com,Dava.X Academy - ETL Theory training sessions,1h 56m 4s
Alexandru Mihai Matei,"6/25/25, 1:54:32 PM","6/25/25, 3:37:49 PM",1h 43m 16s,Alexandru-Mihai.Matei@endava.com,Dava.X Academy - ETL Theory training sessions,1h 56m 4s
Bogdan Vasile Spilevoi,"6/25/25, 1:54:34 PM","6/25/25, 3:37:46 PM",1h 43m 11s,Bogdan-Vasile.Spilevoi@endava.com,Dava.X Academy - ETL Theory training sessions,1h 56m 4s
Rafael Andries,"6/25/25, 1:54:35 PM","6/25/25, 3:37:48 PM",1h 34m 33s,Rafael.Andries@endava.com,Dava.X Academy - ETL Theory training sessions,1h 56m 4s
Radu Ioan Stoica,"6/25/25, 1:54:36 PM","6/25/25, 3:37:47 PM",1h 43m 10s,Radu-Ioan.Stoica@endava.com,Dava.X Academy - ETL Theory training sessions,1h 56m 4s
Diandra Fechita,"6/25/25, 1:54:36 PM","6/25/25, 3:37:47 PM",1h 43m 10s,Diandra.Fechita@endava.com,Dava.X Academy - ETL Theory training sessions,1h 56m 4s
Sorin Cristian Miron,"6/25/25, 1:54:40 PM","6/25/25, 3:37:50 PM",1h 43m 9s,Sorin-Cristian.Miron@endava.com,Dava.X Academy - ETL Theory training sessions,1h 56m 4s
Daria Alexia Irimie,"6/25/25, 1:54:43 PM","6/25/25, 3:37:55 PM",1h 43m 11s,Daria-Alexia.Irimie@endava.com,Dava.X Academy - ETL Theory training sessions,1h 56m 4s
Daniel Rosu,"6/25/25, 1:54:47 PM","6/25/25, 3:37:51 PM",1h 43m 4s,Daniel.Rosu@endava.com,Dava.X Academy - ETL Theory training sessions,1h 56m 4s
Miruna Curduman,"6/25/25, 1:54:55 PM","6/25/25, 3:37:54 PM",1h 42m 59s,Miruna.Curduman@endava.com,Dava.X Academy - ETL Theory training sessions,1h 56m 4s
Liviu Istrate,"6/25/25, 1:55:01 PM","6/25/25, 3:37:49 PM",1h 42m 48s,Liviu.Istrate2@endava.com,Dava.X Academy - ETL Theory training sessions,1h 56m 4s
Ioana Alexia Popa,"6/25/25, 1:55:10 PM","6/25/25, 3:37:47 PM",1h 38m 38s,Ioana-Alexia.Popa@endava.com,Dava.X Academy - ETL Theory training sessions,1h 56m 4s
Emanuel Luculescu,"6/25/25, 1:55:15 PM","6/25/25, 3:37:48 PM",1h 42m 33s,Emanuel.Luculescu@endava.com,Dava.X Academy - ETL Theory training sessions,1h 56m 4s
Vasile Tudorel Arion,"6/25/25, 1:55:20 PM","6/25/25, 3:37:48 PM",1h 40m 19s,Tudor.Arion@endava.com,Dava.X Academy - ETL Theory training sessions,1h 56m 4s
Alexandru Marian Armanu,"6/25/25, 1:55:24 PM","6/25/25, 3:37:47 PM",1h 42m 22s,Alexandru-Marian.Armanu@endava.com,Dava.X Academy - ETL Theory training sessions,1h 56m 4s
Delia Tudor,"6/25/25, 1:55:26 PM","6/25/25, 3:35:48 PM",1h 40m 22s,Delia.Tudor@endava.com,Dava.X Academy - ETL Theory training sessions,1h 56m 4s
Ariana Casandra Olaru,"6/25/25, 1:55:27 PM","6/25/25, 3:37:48 PM",1h 42m 21s,Ariana-Casandra.Olaru@endava.com,Dava.X Academy - ETL Theory training sessions,1h 56m 4s
Florin Nita,"6/25/25, 1:55:30 PM","6/25/25, 3:37:50 PM",1h 42m 19s,Florin.Nita@endava.com,Dava.X Academy - ETL Theory training sessions,1h 56m 4s
Bianca Anamaria Chiorean,"6/25/25, 1:55:39 PM","6/25/25, 3:37:48 PM",1h 42m 8s,Bianca-Anamaria.Chiorean@endava.com,Dava.X Academy - ETL Theory training sessions,1h 56m 4s
Razvan Dumitru,"6/25/25, 1:55:41 PM","6/25/25, 3:37:48 PM",1h 42m 7s,Razvan.Dumitru@endava.com,Dava.X Academy - ETL Theory training sessions,1h 56m 4s
George Stefan Bodogae,"6/25/25, 1:55:42 PM","6/25/25, 3:37:49 PM",1h 42m 6s,George-Stefan.Bodogae@endava.com,Dava.X Academy - ETL Theory training sessions,1h 56m 4s
Daniel Rotaru,"6/25/25, 1:55:43 PM","6/25/25, 3:37:50 PM",1h 42m 7s,Daniel.Rotaru@endava.com,Dava.X Academy - ETL Theory training sessions,1h 56m 4s
Alexandru Burlica,"6/25/25, 1:55:44 PM","6/25/25, 3:37:52 PM",1h 42m 7s,Alexandru.Burlica@endava.com,Dava.X Academy - ETL Theory training sessions,1h 56m 4s
Lorena Maria Buzea,"6/25/25, 1:55:44 PM","6/25/25, 3:30:03 PM",1h 34m 18s,Lorena-Maria.Buzea@endava.com,Dava.X Academy - ETL Theory training sessions,1h 56m 4s
Reka Katalin Darko,"6/25/25, 1:55:46 PM","6/25/25, 3:37:51 PM",1h 42m 5s,Reka-Katalin.Darko@endava.com,Dava.X Academy - ETL Theory training sessions,1h 56m 4s
Iustin-Mihai Stanciu,"6/25/25, 1:55:47 PM","6/25/25, 3:37:51 PM",1h 42m 3s,Iustin-Mihai.Stanciu@endava.com,Dava.X Academy - ETL Theory training sessions,1h 56m 4s
Matei Micu,"6/25/25, 1:55:50 PM","6/25/25, 3:37:48 PM",1h 41m 58s,Matei-Mihai.Micu@endava.com,Dava.X Academy - ETL Theory training sessions,1h 56m 4s
Vlad Cristian Brinzas,"6/25/25, 1:55:50 PM","6/25/25, 3:37:51 PM",1h 42m,Vlad-Cristian.Brinzas@endava.com,Dava.X Academy - ETL Theory training sessions,1h 56m 4s
Gabriela Miruna Stan,"6/25/25, 1:55:52 PM","6/25/25, 3:37:48 PM",1h 41m 55s,Gabriela-Miruna.Stan@endava.com,Dava.X Academy - ETL Theory training sessions,1h 56m 4s
Denisa Elena Stolniceanu,"6/25/25, 1:55:57 PM","6/25/25, 3:37:48 PM",1h 41m 51s,Denisa-Elena.Stolniceanu@endava.com,Dava.X Academy - ETL Theory training sessions,1h 56m 4s
Teodora Maximiuc,"6/25/25, 1:55:58 PM","6/25/25, 3:37:49 PM",1h 41m 50s,Teodora.Maximiuc@endava.com,Dava.X Academy - ETL Theory training sessions,1h 56m 4s
Theodor Cristian Gheorghe,"6/25/25, 1:56:00 PM","6/25/25, 3:38:10 PM",1h 42m 9s,Theodor-Cristian.Gheorghe@endava.com,Dava.X Academy - ETL Theory training sessions,1h 56m 4s
Daniela Maria Pascan,"6/25/25, 1:56:04 PM","6/25/25, 3:37:49 PM",1h 41m 44s,Daniela-Maria.Pascan@endava.com,Dava.X Academy - ETL Theory training sessions,1h 56m 4s
Constantin Voicu,"6/25/25, 1:56:06 PM","6/25/25, 3:37:48 PM",1h 41m 42s,Constantin.Voicu@endava.com,Dava.X Academy - ETL Theory training sessions,1h 56m 4s
Bogdan Cristian Marcu,"6/25/25, 1:56:08 PM","6/25/25, 3:37:47 PM",1h 41m 39s,Bogdan-Cristian.Marcu@endava.com,Dava.X Academy - ETL Theory training sessions,1h 56m 4s
Bogdan Gargu,"6/25/25, 1:56:08 PM","6/25/25, 3:37:47 PM",1h 41m 39s,Bogdan.Gargu@endava.com,Dava.X Academy - ETL Theory training sessions,1h 56m 4s
Ruben Daniel Pasca,"6/25/25, 1:56:16 PM","6/25/25, 3:37:49 PM",1h 41m 33s,Ruben-Daniel.Pasca@endava.com,Dava.X Academy - ETL Theory training sessions,1h 56m 4s
Alexandru Dumitru Ionita,"6/25/25, 1:56:20 PM","6/25/25, 3:39:04 PM",1h 42m 43s,Alex.Ionita@endava.com,Dava.X Academy - ETL Theory training sessions,1h 56m 4s
Vlad V Muresan,"6/25/25, 1:56:20 PM","6/25/25, 3:37:51 PM",1h 41m 30s,Vlad.Muresan2@endava.com,Dava.X Academy - ETL Theory training sessions,1h 56m 4s
Dragos Maxim,"6/25/25, 1:56:20 PM","6/25/25, 3:37:50 PM",1h 41m 29s,Dragos.Maxim@endava.com,Dava.X Academy - ETL Theory training sessions,1h 56m 4s
Sebastian Cristian Sleam,"6/25/25, 1:56:24 PM","6/25/25, 3:37:47 PM",1h 41m 23s,Sebastian-Cristian.Sleam@endava.com,Dava.X Academy - ETL Theory training sessions,1h 56m 4s
Gabriel Firisar,"6/25/25, 1:56:26 PM","6/25/25, 3:37:50 PM",1h 41m 23s,Gabriel.Firisar@endava.com,Dava.X Academy - ETL Theory training sessions,1h 56m 4s
Alexandru Cristian Grajdeanu,"6/25/25, 1:56:26 PM","6/25/25, 3:35:32 PM",1h 39m 5s,Alexandru-Cristian.Grajdeanu@endava.com,Dava.X Academy - ETL Theory training sessions,1h 56m 4s
Marius Beschieru,"6/25/25, 1:56:28 PM","6/25/25, 3:37:52 PM",1h 41m 24s,Marius.Beschieru@endava.com,Dava.X Academy - ETL Theory training sessions,1h 56m 4s
Stefan Daniel Ionita,"6/25/25, 1:56:30 PM","6/25/25, 3:37:46 PM",1h 41m 16s,StefanDaniel.Ionita@endava.com,Dava.X Academy - ETL Theory training sessions,1h 56m 4s
Radu Nicolae,"6/25/25, 1:56:30 PM","6/25/25, 3:37:47 PM",1h 23m 41s,Radu-Mihai.Nicoale@endava.com,Dava.X Academy - ETL Theory training sessions,1h 56m 4s
Luisa Yi Qing Yang,"6/25/25, 1:56:31 PM","6/25/25, 3:38:03 PM",1h 41m 32s,Luisa-Yi-Qing.Yang@endava.com,Dava.X Academy - ETL Theory training sessions,1h 56m 4s
Emanuela Lupancu,"6/25/25, 1:56:34 PM","6/25/25, 3:37:48 PM",1h 41m 14s,Emanuela.Lupancu@endava.com,Dava.X Academy - ETL Theory training sessions,1h 56m 4s
Alexandru Mirea,"6/25/25, 1:56:34 PM","6/25/25, 3:37:50 PM",1h 41m 16s,Alexandru.Mirea@endava.com,Dava.X Academy - ETL Theory training sessions,1h 56m 4s
Laura Rusanescu,"6/25/25, 1:56:38 PM","6/25/25, 3:37:50 PM",1h 41m 11s,Laura.Rusanescu@endava.com,Dava.X Academy - ETL Theory training sessions,1h 56m 4s
Alexandru Topan-Farcau,"6/25/25, 1:56:42 PM","6/25/25, 3:37:53 PM",1h 41m 11s,Alexandru.Topan@endava.com,Dava.X Academy - ETL Theory training sessions,1h 56m 4s
Dragos Badarau,"6/25/25, 1:56:42 PM","6/25/25, 3:37:50 PM",1h 41m 7s,Dragos.Badarau@endava.com,Dava.X Academy - ETL Theory training sessions,1h 56m 4s
Ferdinand Alexandru Cabat,"6/25/25, 1:56:44 PM","6/25/25, 3:35:31 PM",1h 38m 47s,Ferdinand-Alexandru.Cabat@endava.com,Dava.X Academy - ETL Theory training sessions,1h 56m 4s
Denisa Ibanescu,"6/25/25, 1:56:50 PM","6/25/25, 3:37:47 PM",1h 40m 56s,Denisa.Ibanescu@endava.com,Dava.X Academy - ETL Theory training sessions,1h 56m 4s
Vlad Baranceanu,"6/25/25, 1:56:52 PM","6/25/25, 3:35:44 PM",1h 38m 52s,Vlad.Baranceanu@endava.com,Dava.X Academy - ETL Theory training sessions,1h 56m 4s
Bogdan Patrania,"6/25/25, 1:56:54 PM","6/25/25, 3:37:49 PM",1h 40m 54s,Bogdan.Patrania@endava.com,Dava.X Academy - ETL Theory training sessions,1h 56m 4s
Andrei Margelatu,"6/25/25, 1:57:00 PM","6/25/25, 3:37:50 PM",1h 40m 49s,Andrei.Margelatu@endava.com,Dava.X Academy - ETL Theory training sessions,1h 56m 4s
Cristian Valentin Alexa,"6/25/25, 1:57:00 PM","6/25/25, 3:37:54 PM",1h 40m 53s,Cristian-Valentin.Alexa@endava.com,Dava.X Academy - ETL Theory training sessions,1h 56m 4s
Andrei Alexandru Gheorghe,"6/25/25, 1:57:01 PM","6/25/25, 3:37:50 PM",1h 40m 49s,Andrei-Alexandru.Gheorghe@endava.com,Dava.X Academy - ETL Theory training sessions,1h 56m 4s
Ana Stefania Serbanoiu,"6/25/25, 1:57:01 PM","6/25/25, 3:37:48 PM",1h 40m 46s,Ana-Stefania.Serbanoiu@endava.com,Dava.X Academy - ETL Theory training sessions,1h 56m 4s
Adriana Maria Vadean,"6/25/25, 1:57:04 PM","6/25/25, 3:37:54 PM",1h 40m 49s,Adriana-Maria.Vadean@endava.com,Dava.X Academy - ETL Theory training sessions,1h 56m 4s
Rares Stefan Cazan,"6/25/25, 1:57:04 PM","6/25/25, 3:37:50 PM",1h 40m 45s,Rares-Stefan.Cazan@endava.com,Dava.X Academy - ETL Theory training sessions,1h 56m 4s
Daria Craciun,"6/25/25, 1:57:06 PM","6/25/25, 3:37:50 PM",1h 40m 44s,Daria.Craciun@endava.com,Dava.X Academy - ETL Theory training sessions,1h 56m 4s
Mihnea-Alexandru Pele,"6/25/25, 1:57:09 PM","6/25/25, 3:37:48 PM",1h 38m 59s,Mihnea-Alexandru.Pele@endava.com,Dava.X Academy - ETL Theory training sessions,1h 56m 4s
Andrei Alin Socoteala,"6/25/25, 1:57:16 PM","6/25/25, 3:35:50 PM",1h 38m 33s,Andrei-Alin.Socoteala@endava.com,Dava.X Academy - ETL Theory training sessions,1h 56m 4s
Alexandru Zosin,"6/25/25, 1:57:18 PM","6/25/25, 3:37:51 PM",1h 40m 33s,Alexandru.Zosin@endava.com,Dava.X Academy - ETL Theory training sessions,1h 56m 4s
Alexandru Serban,"6/25/25, 1:57:22 PM","6/25/25, 3:37:54 PM",1h 40m 31s,Alexandru.Serban2@endava.com,Dava.X Academy - ETL Theory training sessions,1h 56m 4s
Dragos Ionut Talaba,"6/25/25, 1:57:24 PM","6/25/25, 3:37:47 PM",1h 40m 22s,Dragos-Ionut.Talaba@endava.com,Dava.X Academy - ETL Theory training sessions,1h 56m 4s
Lucian Vatamanu,"6/25/25, 1:57:24 PM","6/25/25, 3:37:51 PM",1h 40m 26s,Lucian.Vatamanu@endava.com,Dava.X Academy - ETL Theory training sessions,1h 56m 4s
Robert Erno Eminovici,"6/25/25, 1:57:25 PM","6/25/25, 3:37:47 PM",1h 40m 21s,Robert-Erno.Eminovici@endava.com,Dava.X Academy - ETL Theory training sessions,1h 56m 4s
Filip Craciun,"6/25/25, 1:57:27 PM","6/25/25, 3:37:49 PM",1h 40m 21s,Filip.Craciun@endava.com,Dava.X Academy - ETL Theory training sessions,1h 56m 4s
Ana Ciobanu,"6/25/25, 1:57:29 PM","6/25/25, 3:37:50 PM",1h 40m 21s,Ana.Ciobanu@endava.com,Dava.X Academy - ETL Theory training sessions,1h 56m 4s
Mirela-Magdalena Catrina,"6/25/25, 1:57:31 PM","6/25/25, 3:37:49 PM",1h 40m 17s,Mirela-Magdalena.Catrina@endava.com,Dava.X Academy - ETL Theory training sessions,1h 56m 4s
Silviu Mihail Pavel,"6/25/25, 1:57:32 PM","6/25/25, 3:35:34 PM",1h 38m 1s,Silviu-Mihail.Pavel@endava.com,Dava.X Academy - ETL Theory training sessions,1h 56m 4s
Alexandru Cinipa,"6/25/25, 1:57:34 PM","6/25/25, 3:37:50 PM",1h 40m 15s,Alexandru.Cinipa@endava.com,Dava.X Academy - ETL Theory training sessions,1h 56m 4s
Andrada Maria Tinta,"6/25/25, 1:57:34 PM","6/25/25, 3:37:48 PM",1h 40m 13s,Andrada-Maria.Tinta@endava.com,Dava.X Academy - ETL Theory training sessions,1h 56m 4s
David Postolea,"6/25/25, 1:57:34 PM","6/25/25, 3:36:09 PM",1h 38m 34s,David.Postolea@endava.com,Dava.X Academy - ETL Theory training sessions,1h 56m 4s
Matei Tatar,"6/25/25, 1:57:35 PM","6/25/25, 3:37:52 PM",1h 40m 16s,Matei.Tatar@endava.com,Dava.X Academy - ETL Theory training sessions,1h 56m 4s
Emma Simina Muresan,"6/25/25, 1:57:37 PM","6/25/25, 3:37:49 PM",1h 40m 11s,Emma-Simina.Muresan@endava.com,Dava.X Academy - ETL Theory training sessions,1h 56m 4s
Timotei Cristian Morar,"6/25/25, 1:57:37 PM","6/25/25, 3:37:49 PM",1h 40m 12s,Timotei-Cristian.Morar@endava.com,Dava.X Academy - ETL Theory training sessions,1h 56m 4s
Andreea Gabriela Pop,"6/25/25, 1:57:37 PM","6/25/25, 3:37:50 PM",1h 40m 13s,Andreea-Gabriela.Pop@endava.com,Dava.X Academy - ETL Theory training sessions,1h 56m 4s
Cornelia Cojocari,"6/25/25, 1:57:38 PM","6/25/25, 3:37:49 PM",1h 40m 10s,Cornelia.Cojocari@endava.com,Dava.X Academy - ETL Theory training sessions,1h 56m 4s
Alexandru Gabriel Cazan,"6/25/25, 1:57:41 PM","6/25/25, 3:37:49 PM",1h 40m 7s,Alexandru.Cazan@endava.com,Dava.X Academy - ETL Theory training sessions,1h 56m 4s
Iulia Olivia Cipleu,"6/25/25, 1:57:42 PM","6/25/25, 3:37:46 PM",1h 40m 4s,Iulia-Olivia.Cipleu@endava.com,Dava.X Academy - ETL Theory training sessions,1h 56m 4s
Cosmin-Nicusor Brumariu,"6/25/25, 1:57:42 PM","6/25/25, 3:37:51 PM",1h 40m 9s,Cosmin-Nicusor.Brumariu@endava.com,Dava.X Academy - ETL Theory training sessions,1h 56m 4s
Darius Fratila,"6/25/25, 1:57:48 PM","6/25/25, 3:37:48 PM",1h 39m 59s,Darius.Fratila@endava.com,Dava.X Academy - ETL Theory training sessions,1h 56m 4s
Alexandru Toma,"6/25/25, 1:57:49 PM","6/25/25, 3:37:49 PM",1h 39m 59s,Alexandru.Toma@endava.com,Dava.X Academy - ETL Theory training sessions,1h 56m 4s
Iulius Stefan Ambros,"6/25/25, 1:57:49 PM","6/25/25, 3:37:48 PM",1h 39m 58s,Iulius-Stefan.Ambros@endava.com,Dava.X Academy - ETL Theory training sessions,1h 56m 4s
Ioan Sebastian Muresan,"6/25/25, 1:57:51 PM","6/25/25, 3:22:11 PM",1h 24m 20s,Ioan-Sebastian.Muresan@endava.com,Dava.X Academy - ETL Theory training sessions,1h 56m 4s
Armin Andrei Chanchian,"6/25/25, 1:57:52 PM","6/25/25, 3:35:43 PM",1h 37m 51s,Armin-Andrei.Chanchian@endava.com,Dava.X Academy - ETL Theory training sessions,1h 56m 4s
Alin Avram,"6/25/25, 1:57:52 PM","6/25/25, 3:37:51 PM",1h 39m 59s,Alin.Avram@endava.com,Dava.X Academy - ETL Theory training sessions,1h 56m 4s
Mihai-Alexandru Birziloiu,"6/25/25, 1:57:52 PM","6/25/25, 3:35:52 PM",1h 37m 59s,Mihai-Alexandru.Birziloiu@endava.com,Dava.X Academy - ETL Theory training sessions,1h 56m 4s
Adina Gheorghevici,"6/25/25, 1:57:53 PM","6/25/25, 3:23:33 PM",1h 25m 40s,Adina.Gheorghevici@endava.com,Dava.X Academy - ETL Theory training sessions,1h 56m 4s
Mozes Csaszar,"6/25/25, 1:57:55 PM","6/25/25, 3:37:50 PM",1h 39m 54s,Mozes.Csaszar@endava.com,Dava.X Academy - ETL Theory training sessions,1h 56m 4s
Vlad-Stefan Sas,"6/25/25, 1:57:55 PM","6/25/25, 3:37:50 PM",1h 39m 54s,Vlad-Stefan.Sas@endava.com,Dava.X Academy - ETL Theory training sessions,1h 56m 4s
Andreea Marina Son,"6/25/25, 1:57:55 PM","6/25/25, 3:37:33 PM",1h 39m 38s,Andreea-Marina.Son@endava.com,Dava.X Academy - ETL Theory training sessions,1h 56m 4s
Alexandru Duta,"6/25/25, 1:57:58 PM","6/25/25, 3:37:49 PM",1h 39m 50s,Alexandru.Duta2@endava.com,Dava.X Academy - ETL Theory training sessions,1h 56m 4s
Luigi Emanuel Arama,"6/25/25, 1:58:00 PM","6/25/25, 3:37:52 PM",1h 39m 52s,Luigi-Emanuel.Arama@endava.com,Dava.X Academy - ETL Theory training sessions,1h 56m 4s
Andrei George Avram,"6/25/25, 1:58:00 PM","6/25/25, 3:37:47 PM",1h 39m 46s,Andrei-George.Avram@endava.com,Dava.X Academy - ETL Theory training sessions,1h 56m 4s
Laura Andrada Ciobanu,"6/25/25, 1:58:09 PM","6/25/25, 3:37:50 PM",1h 39m 41s,Laura-Andrada.Ciobanu@endava.com,Dava.X Academy - ETL Theory training sessions,1h 56m 4s
Ilinca Maria Popovici,"6/25/25, 1:58:09 PM","6/25/25, 3:37:49 PM",1h 39m 40s,Ilinca-Maria.Popovici@endava.com,Dava.X Academy - ETL Theory training sessions,1h 56m 4s
Radu Branici,"6/25/25, 1:58:11 PM","6/25/25, 3:37:51 PM",1h 39m 39s,Radu.Branici@endava.com,Dava.X Academy - ETL Theory training sessions,1h 56m 4s
Gabriela Casandra Pitu,"6/25/25, 1:58:14 PM","6/25/25, 3:37:51 PM",1h 39m 37s,Gabriela-Casandra.Pitu@endava.com,Dava.X Academy - ETL Theory training sessions,1h 56m 4s
Gabriela-Sidonia Ciontolac,"6/25/25, 1:58:18 PM","6/25/25, 3:37:53 PM",1h 37m 26s,Gabriela-Sidonia.Ciontolac@endava.com,Dava.X Academy - ETL Theory training sessions,1h 56m 4s
Manuel Lazar,"6/25/25, 1:58:19 PM","6/25/25, 3:35:54 PM",1h 37m 34s,Manuel.Lazar@endava.com,Dava.X Academy - ETL Theory training sessions,1h 56m 4s
Andreea-Raluca Neagu,"6/25/25, 1:58:19 PM","6/25/25, 3:37:51 PM",1h 39m 31s,Andreea-Raluca.Neagu@endava.com,Dava.X Academy - ETL Theory training sessions,1h 56m 4s
Carmen-Gabriela Nadragea,"6/25/25, 1:58:19 PM","6/25/25, 3:37:50 PM",1h 39m 30s,Carmen-Gabriela.Nadragea@endava.com,Dava.X Academy - ETL Theory training sessions,1h 56m 4s
Tudor Muntean,"6/25/25, 1:58:22 PM","6/25/25, 3:13:24 PM",1h 15m 1s,Tudor.Muntean@endava.com,Dava.X Academy - ETL Theory training sessions,1h 56m 4s
Daniel Antoniu Dumitru,"6/25/25, 1:58:25 PM","6/25/25, 3:37:53 PM",1h 39m 28s,Daniel-Antoniu.Dumitru@endava.com,Dava.X Academy - ETL Theory training sessions,1h 56m 4s
Tudor Leonte,"6/25/25, 1:58:25 PM","6/25/25, 3:37:49 PM",1h 39m 24s,Tudor.Leonte@endava.com,Dava.X Academy - ETL Theory training sessions,1h 56m 4s
Cerasela Nicola Soare,"6/25/25, 1:58:26 PM","6/25/25, 3:33:02 PM",1h 34m 35s,Cerasela-Nicola.Soare@endava.com,Dava.X Academy - ETL Theory training sessions,1h 56m 4s
George Nicolae Botos,"6/25/25, 1:58:30 PM","6/25/25, 3:35:52 PM",1h 37m 22s,George-Nicolae.Botos@endava.com,Dava.X Academy - ETL Theory training sessions,1h 56m 4s
Alexandru Baba,"6/25/25, 1:58:30 PM","6/25/25, 3:37:48 PM",1h 39m 17s,Alexandru.Baba@endava.com,Dava.X Academy - ETL Theory training sessions,1h 56m 4s
Raul Gabriel Chiorean,"6/25/25, 1:58:32 PM","6/25/25, 3:37:51 PM",1h 39m 19s,Raul-Gabriel.Chiorean@endava.com,Dava.X Academy - ETL Theory training sessions,1h 56m 4s
Andrei Ionascu,"6/25/25, 1:58:33 PM","6/25/25, 3:37:24 PM",1h 38m 50s,Andrei.Ionascu@endava.com,Dava.X Academy - ETL Theory training sessions,1h 56m 4s
Alexandru Chelaru,"6/25/25, 1:58:33 PM","6/25/25, 3:37:47 PM",1h 39m 13s,Alexandru.Chelaru@endava.com,Dava.X Academy - ETL Theory training sessions,1h 56m 4s
Maria Mihaela Bradea,"6/25/25, 1:58:35 PM","6/25/25, 3:37:48 PM",1h 39m 13s,Maria-Mihaela.Bradea@endava.com,Dava.X Academy - ETL Theory training sessions,1h 56m 4s
Costina Vanghele,"6/25/25, 1:58:36 PM","6/25/25, 3:37:48 PM",1h 39m 12s,Costina.Vanghele@endava.com,Dava.X Academy - ETL Theory training sessions,1h 56m 4s
Adrian Vasile Vladescu,"6/25/25, 1:58:43 PM","6/25/25, 3:37:50 PM",1h 39m 6s,Adrian-Vasile.Vladescu@endava.com,Dava.X Academy - ETL Theory training sessions,1h 56m 4s
Robert Cristian,"6/25/25, 1:58:46 PM","6/25/25, 3:41:07 PM",1h 39m 14s,Robert.Cristian@endava.com,Dava.X Academy - ETL Theory training sessions,1h 56m 4s
Maria Iulia Zdrenghea,"6/25/25, 1:58:48 PM","6/25/25, 3:37:48 PM",1h 38m 59s,Maria-Iulia.Zdrenghea@endava.com,Dava.X Academy - ETL Theory training sessions,1h 56m 4s
Eric Marian Dascalu,"6/25/25, 1:58:52 PM","6/25/25, 3:37:48 PM",1h 38m 55s,Eric-Marian.Dascalu@endava.com,Dava.X Academy - ETL Theory training sessions,1h 56m 4s
Raul Mihai Rusu,"6/25/25, 1:58:56 PM","6/25/25, 3:37:50 PM",1h 38m 54s,Raul-Mihai.Rusu@endava.com,Dava.X Academy - ETL Theory training sessions,1h 56m 4s
Rodica Elena Rosca,"6/25/25, 1:58:56 PM","6/25/25, 3:37:49 PM",1h 38m 53s,Rodica-Elena.Rosca@endava.com,Dava.X Academy - ETL Theory training sessions,1h 56m 4s
Denis-Alexandru Antonescu,"6/25/25, 1:58:59 PM","6/25/25, 3:37:53 PM",1h 38m 54s,Denis-Alexandru.Antonescu@endava.com,Dava.X Academy - ETL Theory training sessions,1h 56m 4s
Serafim Uliuliuc,"6/25/25, 1:59:02 PM","6/25/25, 3:36:35 PM",1h 37m 33s,Serafim.Uliuliuc@endava.com,Dava.X Academy - ETL Theory training sessions,1h 56m 4s
Mariana Ionela Muntian,"6/25/25, 1:59:02 PM","6/25/25, 3:37:58 PM",1h 38m 55s,Mariana-Ionela.Muntian@endava.com,Dava.X Academy - ETL Theory training sessions,1h 56m 4s
George Andrei Necula,"6/25/25, 1:59:04 PM","6/25/25, 3:37:51 PM",1h 38m 46s,George-Andrei.Necula@endava.com,Dava.X Academy - ETL Theory training sessions,1h 56m 4s
Tudor Gabriel Pascaru,"6/25/25, 1:59:07 PM","6/25/25, 3:37:46 PM",1h 38m 39s,Tudor-Gabriel.Pascaru@endava.com,Dava.X Academy - ETL Theory training sessions,1h 56m 4s
Mihai Alexandru Militaru,"6/25/25, 1:59:07 PM","6/25/25, 3:36:00 PM",1h 36m 53s,Mihai-Alexandru.Militaru@endava.com,Dava.X Academy - ETL Theory training sessions,1h 56m 4s
Mihnea Sebastian Ilie Encean,"6/25/25, 1:59:08 PM","6/25/25, 3:35:32 PM",1h 36m 23s,Mihnea-Sebastian-Ilie.Encean@endava.com,Dava.X Academy - ETL Theory training sessions,1h 56m 4s
Alexandru Pestritu,"6/25/25, 1:59:10 PM","6/25/25, 3:37:48 PM",1h 38m 38s,Alexandru.Pestritu@endava.com,Dava.X Academy - ETL Theory training sessions,1h 56m 4s
Stefan Cotos,"6/25/25, 1:59:12 PM","6/25/25, 3:37:53 PM",1h 38m 41s,Stefan.Cotos@endava.com,Dava.X Academy - ETL Theory training sessions,1h 56m 4s
Robert Fedus,"6/25/25, 1:59:13 PM","6/25/25, 3:37:54 PM",1h 38m 40s,Robert.Fedus@endava.com,Dava.X Academy - ETL Theory training sessions,1h 56m 4s
Stefan Stescu,"6/25/25, 1:59:16 PM","6/25/25, 3:37:52 PM",1h 38m 35s,Stefan.Stescu@endava.com,Dava.X Academy - ETL Theory training sessions,1h 56m 4s
Alexandru Alin Potanga,"6/25/25, 1:59:24 PM","6/25/25, 3:37:47 PM",1h 38m 23s,Alexandru-Alin.Potanga@endava.com,Dava.X Academy - ETL Theory training sessions,1h 56m 4s
Darius Margarit,"6/25/25, 1:59:24 PM","6/25/25, 3:37:49 PM",1h 38m 24s,Darius.Margarit@endava.com,Dava.X Academy - ETL Theory training sessions,1h 56m 4s
Razvan Niculae,"6/25/25, 1:59:24 PM","6/25/25, 3:37:46 PM",1h 38m 21s,razvan.niculae@endava.com,Dava.X Academy - ETL Theory training sessions,1h 56m 4s
Andrei Tudor Mirza,"6/25/25, 1:59:29 PM","6/25/25, 3:37:53 PM",1h 38m 23s,Andrei-Tudor.Mirza@endava.com,Dava.X Academy - ETL Theory training sessions,1h 56m 4s
Alin Constantin Florescu,"6/25/25, 1:59:29 PM","6/25/25, 3:37:51 PM",1h 38m 21s,Alin-Constantin.Florescu@endava.com,Dava.X Academy - ETL Theory training sessions,1h 56m 4s
Vlad Marian Pitariu,"6/25/25, 1:59:31 PM","6/25/25, 3:35:49 PM",1h 36m 18s,Vlad-Marian.Pitariu@endava.com,Dava.X Academy - ETL Theory training sessions,1h 56m 4s
Bogdan Nicolae Cotta,"6/25/25, 1:59:33 PM","6/25/25, 3:37:50 PM",1h 38m 16s,Bogdan-Nicolae.Cotta@endava.com,Dava.X Academy - ETL Theory training sessions,1h 56m 4s
Patricia Costras,"6/25/25, 1:59:33 PM","6/25/25, 3:37:49 PM",1h 38m 16s,Patricia.Costras@endava.com,Dava.X Academy - ETL Theory training sessions,1h 56m 4s
Teodor Badarcea,"6/25/25, 1:59:35 PM","6/25/25, 3:37:51 PM",1h 38m 15s,Teodor.Badarcea@endava.com,Dava.X Academy - ETL Theory training sessions,1h 56m 4s
Cosmin Chirazi,"6/25/25, 1:59:40 PM","6/25/25, 3:34:55 PM",1h 35m 15s,Cosmin.Chirazi@endava.com,Dava.X Academy - ETL Theory training sessions,1h 56m 4s
Adrian Visan,"6/25/25, 1:59:44 PM","6/25/25, 3:32:46 PM",1h 33m 2s,Adrian.Visan@endava.com,Dava.X Academy - ETL Theory training sessions,1h 56m 4s
Valentin Alexe,"6/25/25, 1:59:44 PM","6/25/25, 3:37:50 PM",1h 38m 6s,Valentin.Alexe@endava.com,Dava.X Academy - ETL Theory training sessions,1h 56m 4s
Denisa Lutic,"6/25/25, 1:59:45 PM","6/25/25, 3:37:51 PM",1h 38m 6s,Denisa.Lutic@endava.com,Dava.X Academy - ETL Theory training sessions,1h 56m 4s
George-Catalin Ghiold,"6/25/25, 1:59:50 PM","6/25/25, 3:37:47 PM",1h 37m 57s,George-Catalin.Ghiold@endava.com,Dava.X Academy - ETL Theory training sessions,1h 56m 4s
Razvan Azoitei,"6/25/25, 1:59:50 PM","6/25/25, 3:37:47 PM",1h 37m 57s,Razvan.Azoitei@endava.com,Dava.X Academy - ETL Theory training sessions,1h 56m 4s
Madalina Daiana Gligan,"6/25/25, 1:59:53 PM","6/25/25, 3:37:49 PM",1h 37m 56s,Madalina-Daiana.Gligan@endava.com,Dava.X Academy - ETL Theory training sessions,1h 56m 4s
Darius Dinu,"6/25/25, 2:00:01 PM","6/25/25, 3:37:50 PM",1h 37m 48s,Darius.Dinu@endava.com,Dava.X Academy - ETL Theory training sessions,1h 56m 4s
Catalin Festeu,"6/25/25, 2:00:04 PM","6/25/25, 3:37:48 PM",1h 37m 43s,Catalin.Festeu@endava.com,Dava.X Academy - ETL Theory training sessions,1h 56m 4s
Ionut Birsan,"6/25/25, 2:00:06 PM","6/25/25, 3:37:51 PM",1h 37m 44s,Ionut.Birsan@endava.com,Dava.X Academy - ETL Theory training sessions,1h 56m 4s
Alexandru Catrinescu,"6/25/25, 2:00:08 PM","6/25/25, 3:37:48 PM",1h 37m 40s,Alexandru.Catrinescu@endava.com,Dava.X Academy - ETL Theory training sessions,1h 56m 4s
Ionut Vlad Cira,"6/25/25, 2:00:09 PM","6/25/25, 3:37:47 PM",1h 37m 37s,Ionut-Vlad.Cira@endava.com,Dava.X Academy - ETL Theory training sessions,1h 56m 4s
Eduard George Stan,"6/25/25, 2:00:11 PM","6/25/25, 3:37:53 PM",1h 37m 41s,Eduard-George.Stan@endava.com,Dava.X Academy - ETL Theory training sessions,1h 56m 4s
Sebastian Popa,"6/25/25, 2:00:11 PM","6/25/25, 3:37:47 PM",1h 37m 36s,Sebastian.Popa2@endava.com,Dava.X Academy - ETL Theory training sessions,1h 56m 4s
Ioana Victoria Zinveliu,"6/25/25, 2:00:11 PM","6/25/25, 3:27:51 PM",1h 27m 40s,Ioana-Victoria.Zinveliu@endava.com,Dava.X Academy - ETL Theory training sessions,1h 56m 4s
Anton Calin Stroia,"6/25/25, 2:00:13 PM","6/25/25, 3:37:47 PM",1h 37m 34s,Anton-Calin.Stroia@endava.com,Dava.X Academy - ETL Theory training sessions,1h 56m 4s
Raluca Roiban,"6/25/25, 2:00:14 PM","6/25/25, 3:36:25 PM",1h 36m 10s,Raluca.Roiban@endava.com,Dava.X Academy - ETL Theory training sessions,1h 56m 4s
Cosmin Adrian Neamtiu,"6/25/25, 2:00:14 PM","6/25/25, 3:37:46 PM",1h 37m 32s,Cosmin-Adrian.Neamtiu@endava.com,Dava.X Academy - ETL Theory training sessions,1h 56m 4s
Robert Alexandru Badea,"6/25/25, 2:00:17 PM","6/25/25, 3:37:47 PM",1h 37m 29s,Robert-Alexandru.Badea@endava.com,Dava.X Academy - ETL Theory training sessions,1h 56m 4s
Vlad Cojocaru,"6/25/25, 2:00:17 PM","6/25/25, 3:37:50 PM",1h 37m 32s,Vlad.Cojocaru@endava.com,Dava.X Academy - ETL Theory training sessions,1h 56m 4s
Andrei Madalin Diaconu,"6/25/25, 2:00:20 PM","6/25/25, 3:37:49 PM",1h 37m 29s,Andrei-Madalin.Diaconu@endava.com,Dava.X Academy - ETL Theory training sessions,1h 56m 4s
Anca Elena Ilie,"6/25/25, 2:00:20 PM","6/25/25, 3:37:43 PM",1h 37m 22s,Anca-Elena.Ilie@endava.com,Dava.X Academy - ETL Theory training sessions,1h 56m 4s
Andrei Andries,"6/25/25, 2:00:20 PM","6/25/25, 3:37:17 PM",1h 36m 56s,Andrei.Andries@endava.com,Dava.X Academy - ETL Theory training sessions,1h 56m 4s
Dumitru Andrei Iroftei,"6/25/25, 2:00:21 PM","6/25/25, 3:36:37 PM",1h 36m 15s,Dumitru-Andrei.Iroftei@endava.com,Dava.X Academy - ETL Theory training sessions,1h 56m 4s
Nicolae Vasile Veciunca,"6/25/25, 2:00:22 PM","6/25/25, 3:37:56 PM",1h 37m 33s,Nicolae-Vasile.Veciunca@endava.com,Dava.X Academy - ETL Theory training sessions,1h 56m 4s
Cosmin Gabriel Petriuc,"6/25/25, 2:00:24 PM","6/25/25, 3:37:57 PM",1h 37m 32s,Cosmin-Gabriel.Petriuc@endava.com,Dava.X Academy - ETL Theory training sessions,1h 56m 4s
Andrei Bogdan Aluculesei,"6/25/25, 2:00:26 PM","6/25/25, 3:37:45 PM",1h 37m 19s,Andrei-Bogdan.Aluculesei@endava.com,Dava.X Academy - ETL Theory training sessions,1h 56m 4s
Remus Mihai Prodan,"6/25/25, 2:00:26 PM","6/25/25, 3:37:51 PM",1h 37m 25s,Remus-Mihai.Prodan@endava.com,Dava.X Academy - ETL Theory training sessions,1h 56m 4s
Mihnea Amihailesei,"6/25/25, 2:00:27 PM","6/25/25, 3:37:47 PM",1h 37m 20s,Mihnea.Amihailesei@endava.com,Dava.X Academy - ETL Theory training sessions,1h 56m 4s
Darius Cosmin Vararean,"6/25/25, 2:00:32 PM","6/25/25, 3:37:47 PM",1h 37m 14s,Darius-Cosmin.Vararean@endava.com,Dava.X Academy - ETL Theory training sessions,1h 56m 4s
Mihai Alexandru Ionel,"6/25/25, 2:00:32 PM","6/25/25, 3:37:48 PM",1h 37m 16s,Mihai-Alexandru.Ionel@endava.com,Dava.X Academy - ETL Theory training sessions,1h 56m 4s
Robert-Viorel Lazarov,"6/25/25, 2:00:33 PM","6/25/25, 3:37:51 PM",1h 37m 18s,Robert-Viorel.Lazarov@endava.com,Dava.X Academy - ETL Theory training sessions,1h 56m 4s
Paul Valentin Vela,"6/25/25, 2:00:36 PM","6/25/25, 3:37:54 PM",1h 37m 17s,Paul-Valentin.Vela@endava.com,Dava.X Academy - ETL Theory training sessions,1h 56m 4s
Gabriel Alexandru Nedelcu,"6/25/25, 2:00:38 PM","6/25/25, 3:37:52 PM",1h 37m 14s,Gabriel-Alexandru.Nedelcu@endava.com,Dava.X Academy - ETL Theory training sessions,1h 56m 4s
Alexandru Edves,"6/25/25, 2:00:40 PM","6/25/25, 3:37:49 PM",1h 37m 9s,Alexandru.Edves@endava.com,Dava.X Academy - ETL Theory training sessions,1h 56m 4s
Vlad Badulescu,"6/25/25, 2:00:43 PM","6/25/25, 3:34:43 PM",1h 34m,Vlad.Badulescu@endava.com,Dava.X Academy - ETL Theory training sessions,1h 56m 4s
Irina Vasilita,"6/25/25, 2:00:43 PM","6/25/25, 3:37:49 PM",1h 37m 6s,Irina.Vasilita@endava.com,Dava.X Academy - ETL Theory training sessions,1h 56m 4s
Octavian Cojocariu,"6/25/25, 2:00:45 PM","6/25/25, 3:37:50 PM",1h 37m 5s,Octavian.Cojocariu@endava.com,Dava.X Academy - ETL Theory training sessions,1h 56m 4s
Andrei Octavian Minca,"6/25/25, 2:00:50 PM","6/25/25, 3:34:46 PM",1h 33m 55s,Andrei-Octavian.Minca@endava.com,Dava.X Academy - ETL Theory training sessions,1h 56m 4s
Raluca Elisa Butiurca,"6/25/25, 2:00:50 PM","6/25/25, 3:37:48 PM",1h 36m 58s,Raluca-Elisa.Butiurca@endava.com,Dava.X Academy - ETL Theory training sessions,1h 56m 4s
Rares Dascalu,"6/25/25, 2:00:52 PM","6/25/25, 3:37:47 PM",1h 36m 55s,Rares.Dascalu@endava.com,Dava.X Academy - ETL Theory training sessions,1h 56m 4s
Stefania Diana Stirbu,"6/25/25, 2:00:52 PM","6/25/25, 3:37:47 PM",1h 36m 55s,Stefania-Diana.Stirbu@endava.com,Dava.X Academy - ETL Theory training sessions,1h 56m 4s
Maria-Ioana Fuerea,"6/25/25, 2:00:56 PM","6/25/25, 3:30:32 PM",1h 29m 36s,Maria-Ioana.Fuerea@endava.com,Dava.X Academy - ETL Theory training sessions,1h 56m 4s
Celia Ciurchil-Giurgiu,"6/25/25, 2:00:56 PM","6/25/25, 3:37:50 PM",1h 36m 54s,Celia.Ciurchil@endava.com,Dava.X Academy - ETL Theory training sessions,1h 56m 4s
Botond Ors Solyom,"6/25/25, 2:00:56 PM","6/25/25, 3:37:52 PM",1h 36m 55s,Botond-Ors.Solyom@endava.com,Dava.X Academy - ETL Theory training sessions,1h 56m 4s
Denis-Mihai Mateas,"6/25/25, 2:00:58 PM","6/25/25, 3:37:49 PM",1h 36m 50s,Denis-Mihai.Mateas@endava.com,Dava.X Academy - ETL Theory training sessions,1h 56m 4s
Mihaly Richard Teutsch,"6/25/25, 2:00:58 PM","6/25/25, 3:37:34 PM",1h 36m 35s,Mihaly-Richard.Teutsch@endava.com,Dava.X Academy - ETL Theory training sessions,1h 56m 4s
Csilla Boglarka Nagy,"6/25/25, 2:01:01 PM","6/25/25, 3:37:49 PM",1h 36m 47s,Csilla-Boglarka.Nagy@endava.com,Dava.X Academy - ETL Theory training sessions,1h 56m 4s
Florina Eugenia Hategan,"6/25/25, 2:01:04 PM","6/25/25, 3:37:47 PM",1h 36m 43s,Florina---Eugenia.Hategan@endava.com,Dava.X Academy - ETL Theory training sessions,1h 56m 4s
Stefan Nicolae Gheorghiu,"6/25/25, 2:01:05 PM","6/25/25, 3:37:48 PM",1h 36m 42s,Stefan-Nicolae.Gheorghiu@endava.com,Dava.X Academy - ETL Theory training sessions,1h 56m 4s
Robert Catalin Franciuc,"6/25/25, 2:01:10 PM","6/25/25, 3:37:48 PM",1h 36m 38s,Robert-Catalin.Franciuc@endava.com,Dava.X Academy - ETL Theory training sessions,1h 56m 4s
Catalin Ursu,"6/25/25, 2:01:11 PM","6/25/25, 3:37:52 PM",1h 36m 41s,Catalin.Ursu@endava.com,Dava.X Academy - ETL Theory training sessions,1h 56m 4s
Mihai Negrea,"6/25/25, 2:01:15 PM","6/25/25, 3:28:05 PM",1h 21m 20s,Mihai.Negrea@endava.com,Dava.X Academy - ETL Theory training sessions,1h 56m 4s
Mihai Maciuc,"6/25/25, 2:01:16 PM","6/25/25, 3:37:52 PM",1h 36m 35s,Mihai.Maciuc@endava.com,Dava.X Academy - ETL Theory training sessions,1h 56m 4s
Gheorghe-Cristian Terovan,"6/25/25, 2:01:18 PM","6/25/25, 3:37:47 PM",1h 36m 28s,Gheorghe-Cristian.Terovan@endava.com,Dava.X Academy - ETL Theory training sessions,1h 56m 4s
Patric Caliman,"6/25/25, 2:01:21 PM","6/25/25, 3:37:53 PM",1h 33m 30s,Patric.Caliman@endava.com,Dava.X Academy - ETL Theory training sessions,1h 56m 4s
Alexandra Zamfir,"6/25/25, 2:01:21 PM","6/25/25, 3:33:40 PM",1h 32m 18s,Alexandra.Zamfir@endava.com,Dava.X Academy - ETL Theory training sessions,1h 56m 4s
Iasmina Pagu,"6/25/25, 2:01:21 PM","6/25/25, 3:37:47 PM",1h 36m 26s,Iasmina-Andra.Pagu@endava.com,Dava.X Academy - ETL Theory training sessions,1h 56m 4s
Rafael Ionut Stefanache,"6/25/25, 2:01:23 PM","6/25/25, 3:37:49 PM",1h 36m 25s,Rafael-Ionut.Stefanache@endava.com,Dava.X Academy - ETL Theory training sessions,1h 56m 4s
Silviu Vasilica Luta,"6/25/25, 2:01:26 PM","6/25/25, 3:37:47 PM",1h 36m 20s,Silviu-Vasilica.Luta@endava.com,Dava.X Academy - ETL Theory training sessions,1h 56m 4s
George Eduard Achiriloaei,"6/25/25, 2:01:27 PM","6/25/25, 3:35:58 PM",1h 34m 30s,George-Eduard.Achiriloaei@endava.com,Dava.X Academy - ETL Theory training sessions,1h 56m 4s
George Patrasc,"6/25/25, 2:01:27 PM","6/25/25, 3:37:47 PM",1h 35m 10s,George.Patrasc@endava.com,Dava.X Academy - ETL Theory training sessions,1h 56m 4s
Camelia Stoica,"6/25/25, 2:01:30 PM","6/25/25, 3:37:50 PM",1h 36m 20s,Camelia.Stoica@endava.com,Dava.X Academy - ETL Theory training sessions,1h 56m 4s
Alina Trincu,"6/25/25, 2:01:32 PM","6/25/25, 3:34:05 PM",1h 32m 33s,Alina.Trincu@endava.com,Dava.X Academy - ETL Theory training sessions,1h 56m 4s
Andrei Titus Pavel,"6/25/25, 2:01:34 PM","6/25/25, 3:37:49 PM",1h 36m 15s,andrei-titus.pavel@endava.com,Dava.X Academy - ETL Theory training sessions,1h 56m 4s
Rares Alexandru Iancu,"6/25/25, 2:01:34 PM","6/25/25, 3:29:23 PM",1h 27m 49s,Rares-Alexandru.Iancu@endava.com,Dava.X Academy - ETL Theory training sessions,1h 56m 4s
Madalina Demian,"6/25/25, 2:01:35 PM","6/25/25, 3:37:36 PM",1h 34m 16s,Madalina.Demian@endava.com,Dava.X Academy - ETL Theory training sessions,1h 56m 4s
Eduard Stefan Mariniuc,"6/25/25, 2:01:36 PM","6/25/25, 3:37:48 PM",1h 36m 11s,Eduard-Stefan.Mariniuc@endava.com,Dava.X Academy - ETL Theory training sessions,1h 56m 4s
Octavian Paul Ilies,"6/25/25, 2:01:38 PM","6/25/25, 3:36:51 PM",1h 35m 12s,Octavian-Paul.Ilies@endava.com,Dava.X Academy - ETL Theory training sessions,1h 56m 4s
Dragos Alexandru Ion,"6/25/25, 2:01:44 PM","6/25/25, 3:31:44 PM",1h 30m,Dragos-Alexandru.Ion@endava.com,Dava.X Academy - ETL Theory training sessions,1h 56m 4s
Andrei Vataselu,"6/25/25, 2:01:49 PM","6/25/25, 3:37:52 PM",1h 36m 3s,Andrei.Vataselu@endava.com,Dava.X Academy - ETL Theory training sessions,1h 56m 4s
Alexandru Bardasu,"6/25/25, 2:02:03 PM","6/25/25, 3:37:56 PM",1h 34m 47s,Alexandru.Bardasu@endava.com,Dava.X Academy - ETL Theory training sessions,1h 56m 4s
Stefan-Claudiu Bulintis,"6/25/25, 2:02:12 PM","6/25/25, 3:41:05 PM",1h 38m 52s,Stefan-Claudiu.Bulintis@endava.com,Dava.X Academy - ETL Theory training sessions,1h 56m 4s
Cezara Teofana Aprofirei,"6/25/25, 2:02:13 PM","6/25/25, 3:37:48 PM",1h 35m 35s,Cezara-Teofana.Aprofirei@endava.com,Dava.X Academy - ETL Theory training sessions,1h 56m 4s
Madalina Puia,"6/25/25, 2:02:15 PM","6/25/25, 3:37:47 PM",1h 35m 31s,Madalina.Puia@endava.com,Dava.X Academy - ETL Theory training sessions,1h 56m 4s
Serban Marian Precup,"6/25/25, 2:02:25 PM","6/25/25, 3:37:50 PM",1h 35m 24s,Serban-Marian.Precup@endava.com,Dava.X Academy - ETL Theory training sessions,1h 56m 4s
Andrei Apostol,"6/25/25, 2:02:30 PM","6/25/25, 3:37:48 PM",1h 35m 17s,Andrei.Apostol@endava.com,Dava.X Academy - ETL Theory training sessions,1h 56m 4s
Tiberiu Rabi,"6/25/25, 2:02:30 PM","6/25/25, 3:33:04 PM",1h 30m 33s,Tiberiu.Rabi@endava.com,Dava.X Academy - ETL Theory training sessions,1h 56m 4s
Fabian Iordache,"6/25/25, 2:02:30 PM","6/25/25, 3:37:49 PM",1h 35m 18s,Fabian.Iordache@endava.com,Dava.X Academy - ETL Theory training sessions,1h 56m 4s
George Iulian Stoian,"6/25/25, 2:02:32 PM","6/25/25, 3:37:51 PM",1h 28m 12s,George-Iulian.Stoian@endava.com,Dava.X Academy - ETL Theory training sessions,1h 56m 4s
Diana Cristina Mocan,"6/25/25, 2:02:35 PM","6/25/25, 3:37:50 PM",1h 35m 14s,Diana-Cristina.Mocan@endava.com,Dava.X Academy - ETL Theory training sessions,1h 56m 4s
Sebastian Ionel Filipovici,"6/25/25, 2:02:55 PM","6/25/25, 2:46:49 PM",43m 54s,Sebastian-Ionel.Filipovici@endava.com,Dava.X Academy - ETL Theory training sessions,1h 56m 4s
Daria Lupu Dima,"6/25/25, 2:03:27 PM","6/25/25, 3:36:15 PM",1h 32m 48s,Daria.Lupu@endava.com,Dava.X Academy - ETL Theory training sessions,1h 56m 4s
Ioana Botezatu,"6/25/25, 2:03:35 PM","6/25/25, 3:30:50 PM",1h 27m 15s,Ioana.Botezatu@endava.com,Dava.X Academy - ETL Theory training sessions,1h 56m 4s
Lavinia Avram,"6/25/25, 2:03:42 PM","6/25/25, 3:37:55 PM",1h 34m 13s,Lavinia.Avram@endava.com,Dava.X Academy - ETL Theory training sessions,1h 56m 4s
Rares Ciprian Balan,"6/25/25, 2:03:56 PM","6/25/25, 3:35:50 PM",1h 31m 54s,Rares-Ciprian.Balan@endava.com,Dava.X Academy - ETL Theory training sessions,1h 56m 4s
Madalina Birtu,"6/25/25, 2:04:00 PM","6/25/25, 3:37:47 PM",1h 33m 46s,Madalina.Birtu@endava.com,Dava.X Academy - ETL Theory training sessions,1h 56m 4s
Anca Vasilica Iacob,"6/25/25, 2:04:09 PM","6/25/25, 3:37:50 PM",1h 33m 40s,Anca-Vasilica.Iacob@endava.com,Dava.X Academy - ETL Theory training sessions,1h 56m 4s
Andra-Maria Petcu,"6/25/25, 2:04:11 PM","6/25/25, 3:37:48 PM",1h 33m 36s,Andra-Maria.Petcu@endava.com,Dava.X Academy - ETL Theory training sessions,1h 56m 4s
Daniel-Ionel Beg,"6/25/25, 2:04:14 PM","6/25/25, 3:35:53 PM",1h 31m 39s,Daniel-Ionel.Beg@endava.com,Dava.X Academy - ETL Theory training sessions,1h 56m 4s
Alessia-Elena Rados,"6/25/25, 2:04:25 PM","6/25/25, 3:36:02 PM",1h 31m 36s,Alessia-Elena.Rados@endava.com,Dava.X Academy - ETL Theory training sessions,1h 56m 4s
Laszlo Carlos Fodor,"6/25/25, 2:04:48 PM","6/25/25, 2:36:54 PM",32m 6s,Laszlo-Carlos.Fodor@endava.com,Dava.X Academy - ETL Theory training sessions,1h 56m 4s
Catalin George Adrian Otet,"6/25/25, 2:04:57 PM","6/25/25, 3:35:10 PM",1h 30m 12s,Catalin-George-Adrian.Otet@endava.com,Dava.X Academy - ETL Theory training sessions,1h 56m 4s
Alexandru Panainte,"6/25/25, 2:04:58 PM","6/25/25, 3:38:01 PM",1h 33m 2s,Alexandru.Panainte@endava.com,Dava.X Academy - ETL Theory training sessions,1h 56m 4s
Felix Cosmin Orga,"6/25/25, 2:05:03 PM","6/25/25, 3:37:50 PM",1h 32m 47s,Felix-Cosmin.Orga@endava.com,Dava.X Academy - ETL Theory training sessions,1h 56m 4s
Ioana Marc,"6/25/25, 2:05:24 PM","6/25/25, 3:37:51 PM",1h 32m 27s,Ioana.Marc2@endava.com,Dava.X Academy - ETL Theory training sessions,1h 56m 4s
Laurentiu Fratila,"6/25/25, 2:05:33 PM","6/25/25, 3:37:46 PM",1h 32m 12s,Laurentiu.Fratila@endava.com,Dava.X Academy - ETL Theory training sessions,1h 56m 4s
Darius-Cristian Gherle,"6/25/25, 2:07:08 PM","6/25/25, 3:37:51 PM",1h 30m 42s,Darius-Cristian.Gherle@endava.com,Dava.X Academy - ETL Theory training sessions,1h 56m 4s
Sabin Andrei Popa,"6/25/25, 2:09:31 PM","6/25/25, 3:35:31 PM",1h 25m 59s,Sabin-Andrei.Popa@endava.com,Dava.X Academy - ETL Theory training sessions,1h 56m 4s
Zoltan Balint,"6/25/25, 2:10:23 PM","6/25/25, 3:37:53 PM",1h 27m 29s,Zoltan.Balint2@endava.com,Dava.X Academy - ETL Theory training sessions,1h 56m 4s
Huba Nemet,"6/25/25, 2:11:05 PM","6/25/25, 3:37:56 PM",1h 26m 50s,Huba.Nemet@endava.com,Dava.X Academy - ETL Theory training sessions,1h 56m 4s
Aron Domokos Telegdy,"6/25/25, 2:11:20 PM","6/25/25, 3:37:51 PM",1h 26m 30s,Aron.Telegdy@endava.com,Dava.X Academy - ETL Theory training sessions,1h 56m 4s
Alexandru Tarcan,"6/25/25, 2:12:06 PM","6/25/25, 3:37:47 PM",1h 25m 40s,Alexandru.Tarcan@endava.com,Dava.X Academy - ETL Theory training sessions,1h 56m 4s
Angel David Palihovici,"6/25/25, 2:21:02 PM","6/25/25, 3:36:24 PM",1h 15m 22s,Angel-David.Palihovici@endava.com,Dava.X Academy - ETL Theory training sessions,1h 56m 4s
Andreea Cacenschi,"6/25/25, 2:21:48 PM","6/25/25, 3:39:53 PM",1h 18m 4s,Andreea.Cacenschi@endava.com,Dava.X Academy - ETL Theory training sessions,1h 56m 4s
Victor Valentin Vladulescu,"6/25/25, 2:21:59 PM","6/25/25, 3:28:36 PM",35m 54s,Victor-Valentin.Vladulescu@endava.com,Dava.X Academy - ETL Theory training sessions,1h 56m 4s
Bianca Maria Lazar,"6/25/25, 2:37:15 PM","6/25/25, 3:37:48 PM",1h 33s,Bianca-Maria.Lazar@endava.com,Dava.X Academy - ETL Theory training sessions,1h 56m 4s
Raul Birsan,"6/25/25, 2:45:48 PM","6/25/25, 3:37:49 PM",52m 1s,Raul.Birsan@endava.com,Dava.X Academy - ETL Theory training sessions,1h 56m 4s
Denisa Maria Gorea,"6/25/25, 2:46:06 PM","6/25/25, 3:26:00 PM",39m 53s,Denisa-Maria.Gorea@endava.com,Dava.X Academy - ETL Theory training sessions,1h 56m 4s
Rita Timea Torok,"6/25/25, 2:46:15 PM","6/25/25, 3:26:38 PM",40m 23s,Rita-Timea.Torok@endava.com,Dava.X Academy - ETL Theory training sessions,1h 56m 4s
Ioana Alexa,"6/25/25, 2:46:23 PM","6/25/25, 3:37:47 PM",51m 24s,Ioana.Alexa@endava.com,Dava.X Academy - ETL Theory training sessions,1h 56m 4s
Petru Adelin Cojocaru,"6/25/25, 3:11:34 PM","6/25/25, 3:37:50 PM",26m 16s,Petru-Adelin.Cojocaru@endava.com,Dava.X Academy - ETL Theory training sessions,1h 56m 4s
David Serban,"6/25/25, 3:29:17 PM","6/25/25, 3:37:52 PM",8m 35s,David.Serban@endava.com,Dava.X Academy - ETL Theory training sessions,1h 56m 4s
