﻿Name,First Join,Last Leave,In-Meeting Duration,Email,Meeting title,Meeting duration
Alice Tache,"6/26/25, 1:51:19 PM","6/26/25, 4:00:30 PM",2h 6m,Alice.Tache@endava.com,Dava.X Academy - ETL Theory training sessions,2h 32m 16s
Virgil Cimpean,"6/26/25, 1:47:54 PM","6/26/25, 3:59:27 PM",2h 11m 33s,Virgil.Cimpean@endava.com,Dava.X Academy - ETL Theory training sessions,2h 32m 16s
Ferdinand Alexandru Cabat,"6/26/25, 1:48:02 PM","6/26/25, 3:59:22 PM",2h 11m 19s,Ferdinand-Alexandru.Cabat@endava.com,Dava.X Academy - ETL Theory training sessions,2h 32m 16s
Stefan Liute,"6/26/25, 1:48:02 PM","6/26/25, 3:59:46 PM",2h 11m 44s,Stefan.Liute@endava.com,Dava.X Academy - ETL Theory training sessions,2h 32m 16s
Vlad Marian Pitariu,"6/26/25, 1:48:03 PM","6/26/25, 3:53:07 PM",1h 50m 10s,Vlad-Marian.Pitariu@endava.com,Dava.X Academy - ETL Theory training sessions,2h 32m 16s
Simona Boicu,"6/26/25, 1:48:06 PM","6/26/25, 3:59:35 PM",2h 11m 29s,Simona.Boicu@endava.com,Dava.X Academy - ETL Theory training sessions,2h 32m 16s
Rares Anton Brezeanu,"6/26/25, 1:48:11 PM","6/26/25, 3:38:19 PM",1h 41m 19s,Rares-Anton.Brezeanu@endava.com,Dava.X Academy - ETL Theory training sessions,2h 32m 16s
Vlad Muresan,"6/26/25, 1:48:37 PM","6/26/25, 3:59:27 PM",2h 10m 50s,Vlad.Muresan3@endava.com,Dava.X Academy - ETL Theory training sessions,2h 32m 16s
Bogdan Patrania,"6/26/25, 1:48:40 PM","6/26/25, 3:59:23 PM",2h 28s,Bogdan.Patrania@endava.com,Dava.X Academy - ETL Theory training sessions,2h 32m 16s
Razvan Petru Leonte,"6/26/25, 1:48:40 PM","6/26/25, 3:59:16 PM",2h 10m 36s,Razvan-Petru.Leonte@endava.com,Dava.X Academy - ETL Theory training sessions,2h 32m 16s
Daniela Maria Pascan,"6/26/25, 1:48:41 PM","6/26/25, 3:59:07 PM",2h 5m 31s,Daniela-Maria.Pascan@endava.com,Dava.X Academy - ETL Theory training sessions,2h 32m 16s
Cosmin-Nicusor Brumariu,"6/26/25, 1:48:50 PM","6/26/25, 3:59:36 PM",2h 10m 45s,Cosmin-Nicusor.Brumariu@endava.com,Dava.X Academy - ETL Theory training sessions,2h 32m 16s
Rares Muresan,"6/26/25, 1:49:17 PM","6/26/25, 4:20:05 PM",2h 30m 47s,Rares.Muresan@endava.com,Dava.X Academy - ETL Theory training sessions,2h 32m 16s
Anton Calin Stroia,"6/26/25, 1:49:44 PM","6/26/25, 3:59:00 PM",2h 3m 5s,Anton-Calin.Stroia@endava.com,Dava.X Academy - ETL Theory training sessions,2h 32m 16s
Radu Nicolae,"6/26/25, 1:50:25 PM","6/26/25, 3:59:37 PM",2h 2m 42s,Radu-Mihai.Nicoale@endava.com,Dava.X Academy - ETL Theory training sessions,2h 32m 16s
Alexandru Mihai Matei,"6/26/25, 1:50:36 PM","6/26/25, 3:59:36 PM",2h 8m 59s,Alexandru-Mihai.Matei@endava.com,Dava.X Academy - ETL Theory training sessions,2h 32m 16s
Ionut Vlad Cira,"6/26/25, 1:50:40 PM","6/26/25, 3:59:04 PM",2h 8m 24s,Ionut-Vlad.Cira@endava.com,Dava.X Academy - ETL Theory training sessions,2h 32m 16s
Andreea Cront,"6/26/25, 1:50:48 PM","6/26/25, 3:59:17 PM",1h 57m 44s,Andreea.Cront@endava.com,Dava.X Academy - ETL Theory training sessions,2h 32m 16s
Arthur Negosanu,"6/26/25, 1:50:49 PM","6/26/25, 3:59:44 PM",2h 8m 55s,Arthur.Negosanu@endava.com,Dava.X Academy - ETL Theory training sessions,2h 32m 16s
Andrei-Alexandru Midus,"6/26/25, 1:51:03 PM","6/26/25, 3:59:13 PM",2h 8m 9s,Andrei-Alexandru.Midus@endava.com,Dava.X Academy - ETL Theory training sessions,2h 32m 16s
Carmen-Gabriela Nadragea,"6/26/25, 1:51:24 PM","6/26/25, 3:59:36 PM",2h 5m 27s,Carmen-Gabriela.Nadragea@endava.com,Dava.X Academy - ETL Theory training sessions,2h 32m 16s
Rita Timea Torok,"6/26/25, 1:51:30 PM","6/26/25, 3:34:47 PM",1h 41m 31s,Rita-Timea.Torok@endava.com,Dava.X Academy - ETL Theory training sessions,2h 32m 16s
Andrei Octavian Minca,"6/26/25, 1:51:31 PM","6/26/25, 3:54:01 PM",2h 2m 30s,Andrei-Octavian.Minca@endava.com,Dava.X Academy - ETL Theory training sessions,2h 32m 16s
Robert-Viorel Lazarov,"6/26/25, 1:51:38 PM","6/26/25, 4:17:41 PM",2h 44s,Robert-Viorel.Lazarov@endava.com,Dava.X Academy - ETL Theory training sessions,2h 32m 16s
Alexandru Zagan,"6/26/25, 1:51:39 PM","6/26/25, 4:00:10 PM",2h 8m 30s,Alexandru.Zagan@endava.com,Dava.X Academy - ETL Theory training sessions,2h 32m 16s
Razvan Dumitru,"6/26/25, 1:51:44 PM","6/26/25, 3:59:41 PM",2h 7m 57s,Razvan.Dumitru@endava.com,Dava.X Academy - ETL Theory training sessions,2h 32m 16s
Alexandru Topan-Farcau,"6/26/25, 1:52:00 PM","6/26/25, 3:59:05 PM",2h 7m 5s,Alexandru.Topan@endava.com,Dava.X Academy - ETL Theory training sessions,2h 32m 16s
Ariana Casandra Olaru,"6/26/25, 1:52:14 PM","6/26/25, 3:58:58 PM",2h 4m 28s,Ariana-Casandra.Olaru@endava.com,Dava.X Academy - ETL Theory training sessions,2h 32m 16s
Dragos Vatra,"6/26/25, 1:52:41 PM","6/26/25, 3:59:04 PM",2h 6m 23s,Dragos.Vatra@endava.com,Dava.X Academy - ETL Theory training sessions,2h 32m 16s
Marcos Dimitris Fetcu,"6/26/25, 1:52:46 PM","6/26/25, 3:46:46 PM",1h 54m,Marcos-Dimitris.Fetcu@endava.com,Dava.X Academy - ETL Theory training sessions,2h 32m 16s
Gabriela-Sidonia Ciontolac,"6/26/25, 1:52:53 PM","6/26/25, 3:59:41 PM",2h 6m 47s,Gabriela-Sidonia.Ciontolac@endava.com,Dava.X Academy - ETL Theory training sessions,2h 32m 16s
Stefan Tiberiu Paduraru,"6/26/25, 1:53:02 PM","6/26/25, 3:59:28 PM",2h 6m 26s,Stefan-Tiberiu.Paduraru@endava.com,Dava.X Academy - ETL Theory training sessions,2h 32m 16s
Bogdan Vasile Spilevoi,"6/26/25, 1:53:08 PM","6/26/25, 3:59:37 PM",2h 6m 29s,Bogdan-Vasile.Spilevoi@endava.com,Dava.X Academy - ETL Theory training sessions,2h 32m 16s
Gabriela Miruna Stan,"6/26/25, 1:53:09 PM","6/26/25, 3:59:23 PM",2h 1m 47s,Gabriela-Miruna.Stan@endava.com,Dava.X Academy - ETL Theory training sessions,2h 32m 16s
Sergiu Ungureanu,"6/26/25, 1:53:15 PM","6/26/25, 3:56:13 PM",2h 2m 57s,Sergiu.Ungureanu2@endava.com,Dava.X Academy - ETL Theory training sessions,2h 32m 16s
Alexandru Burlica,"6/26/25, 1:53:21 PM","6/26/25, 3:59:31 PM",2h 6m 9s,Alexandru.Burlica@endava.com,Dava.X Academy - ETL Theory training sessions,2h 32m 16s
Radu Ioan Stoica,"6/26/25, 1:53:24 PM","6/26/25, 3:52:38 PM",1h 59m 13s,Radu-Ioan.Stoica@endava.com,Dava.X Academy - ETL Theory training sessions,2h 32m 16s
Lavinia Avram,"6/26/25, 1:53:31 PM","6/26/25, 3:48:47 PM",1h 55m 16s,Lavinia.Avram@endava.com,Dava.X Academy - ETL Theory training sessions,2h 32m 16s
Alexandru Baba,"6/26/25, 1:53:35 PM","6/26/25, 3:59:41 PM",2h 2m 34s,Alexandru.Baba@endava.com,Dava.X Academy - ETL Theory training sessions,2h 32m 16s
Daniel Rotaru,"6/26/25, 1:53:35 PM","6/26/25, 3:59:07 PM",2h 5m 31s,Daniel.Rotaru@endava.com,Dava.X Academy - ETL Theory training sessions,2h 32m 16s
Adelina Patlatii,"6/26/25, 1:53:49 PM","6/26/25, 3:59:18 PM",2h 5m 28s,Adelina.Patlatii@endava.com,Dava.X Academy - ETL Theory training sessions,2h 32m 16s
Bianca Anamaria Chiorean,"6/26/25, 1:53:53 PM","6/26/25, 3:08:31 PM",1h 14m 38s,Bianca-Anamaria.Chiorean@endava.com,Dava.X Academy - ETL Theory training sessions,2h 32m 16s
Vlad Ionut Guriuc,"6/26/25, 1:53:58 PM","6/26/25, 3:56:24 PM",2h 2m 25s,Vlad-Ionut.Guriuc@endava.com,Dava.X Academy - ETL Theory training sessions,2h 32m 16s
Tudor Mihai,"6/26/25, 1:53:59 PM","6/26/25, 3:58:55 PM",2h 4m 55s,Tudor.Mihai@endava.com,Dava.X Academy - ETL Theory training sessions,2h 32m 16s
David Serban,"6/26/25, 1:54:03 PM","6/26/25, 3:59:41 PM",2h 4m 13s,David.Serban@endava.com,Dava.X Academy - ETL Theory training sessions,2h 32m 16s
Petru Adelin Cojocaru,"6/26/25, 1:54:05 PM","6/26/25, 3:59:45 PM",2h 5m 40s,Petru-Adelin.Cojocaru@endava.com,Dava.X Academy - ETL Theory training sessions,2h 32m 16s
Denisa Elena Stolniceanu,"6/26/25, 1:54:10 PM","6/26/25, 2:52:32 PM",38m 51s,Denisa-Elena.Stolniceanu@endava.com,Dava.X Academy - ETL Theory training sessions,2h 32m 16s
Alexandru Tarcan,"6/26/25, 1:54:11 PM","6/26/25, 3:59:46 PM",2h 5m 35s,Alexandru.Tarcan@endava.com,Dava.X Academy - ETL Theory training sessions,2h 32m 16s
Calin Ciobanu,"6/26/25, 1:54:18 PM","6/26/25, 3:59:03 PM",2h 4m 45s,Calin.Ciobanu@endava.com,Dava.X Academy - ETL Theory training sessions,2h 32m 16s
Constantin Voicu,"6/26/25, 1:54:23 PM","6/26/25, 3:59:37 PM",2h 5m 13s,Constantin.Voicu@endava.com,Dava.X Academy - ETL Theory training sessions,2h 32m 16s
Emma Simina Muresan,"6/26/25, 1:54:25 PM","6/26/25, 3:59:34 PM",2h 5m 8s,Emma-Simina.Muresan@endava.com,Dava.X Academy - ETL Theory training sessions,2h 32m 16s
Emanuela Lupancu,"6/26/25, 1:54:28 PM","6/26/25, 4:01:32 PM",2h 7m 4s,Emanuela.Lupancu@endava.com,Dava.X Academy - ETL Theory training sessions,2h 32m 16s
Maria Madalina Olaru,"6/26/25, 1:54:33 PM","6/26/25, 3:59:22 PM",2h 4m 48s,Maria-Madalina.Olaru@endava.com,Dava.X Academy - ETL Theory training sessions,2h 32m 16s
Cosmin Felecanu,"6/26/25, 1:54:35 PM","6/26/25, 3:58:55 PM",2h 4m 19s,Cosmin.Felecanu@endava.com,Dava.X Academy - ETL Theory training sessions,2h 32m 16s
Mirela-Magdalena Catrina,"6/26/25, 1:54:36 PM","6/26/25, 3:59:08 PM",2h 4m 31s,Mirela-Magdalena.Catrina@endava.com,Dava.X Academy - ETL Theory training sessions,2h 32m 16s
Gabriela Casandra Pitu,"6/26/25, 1:54:36 PM","6/26/25, 3:59:24 PM",2h 4m 47s,Gabriela-Casandra.Pitu@endava.com,Dava.X Academy - ETL Theory training sessions,2h 32m 16s
Andrei George Avram,"6/26/25, 1:54:37 PM","6/26/25, 3:56:31 PM",2h 1m 54s,Andrei-George.Avram@endava.com,Dava.X Academy - ETL Theory training sessions,2h 32m 16s
Sanda Dobrenco,"6/26/25, 1:54:40 PM","6/26/25, 3:58:12 PM",2h 3m 32s,Sanda.Dobrenco@endava.com,Dava.X Academy - ETL Theory training sessions,2h 32m 16s
Andrei Bogdan Aluculesei,"6/26/25, 1:54:46 PM","6/26/25, 3:59:42 PM",2h 4m 56s,Andrei-Bogdan.Aluculesei@endava.com,Dava.X Academy - ETL Theory training sessions,2h 32m 16s
Alexandra Zamfir,"6/26/25, 1:54:49 PM","6/26/25, 3:58:35 PM",2h 3m 46s,Alexandra.Zamfir@endava.com,Dava.X Academy - ETL Theory training sessions,2h 32m 16s
Mircea Stefan Pop,"6/26/25, 1:54:49 PM","6/26/25, 3:25:07 PM",1h 30m 18s,Mircea-Stefan.Pop@endava.com,Dava.X Academy - ETL Theory training sessions,2h 32m 16s
George Patrasc,"6/26/25, 1:54:51 PM","6/26/25, 3:58:39 PM",2h 3m 48s,George.Patrasc@endava.com,Dava.X Academy - ETL Theory training sessions,2h 32m 16s
Bogdan Ionut Tibuleac,"6/26/25, 1:54:54 PM","6/26/25, 3:59:35 PM",2h 4m 40s,Bogdan-Ionut.Tibuleac@endava.com,Dava.X Academy - ETL Theory training sessions,2h 32m 16s
Dumitru Andrei Iroftei,"6/26/25, 1:54:56 PM","6/26/25, 3:58:37 PM",2h 48s,Dumitru-Andrei.Iroftei@endava.com,Dava.X Academy - ETL Theory training sessions,2h 32m 16s
Paul Valentin Vela,"6/26/25, 1:55:07 PM","6/26/25, 4:20:03 PM",2h 7m 4s,Paul-Valentin.Vela@endava.com,Dava.X Academy - ETL Theory training sessions,2h 32m 16s
Alexandra Elena Pitaru,"6/26/25, 1:55:11 PM","6/26/25, 4:02:02 PM",2h 6m 50s,Alexandra-Elena.Pitaru@endava.com,Dava.X Academy - ETL Theory training sessions,2h 32m 16s
Mihai-Alexandru Birziloiu,"6/26/25, 1:55:14 PM","6/26/25, 3:59:36 PM",2h 1m 59s,Mihai-Alexandru.Birziloiu@endava.com,Dava.X Academy - ETL Theory training sessions,2h 32m 16s
Silviu Vasilica Luta,"6/26/25, 1:55:16 PM","6/26/25, 3:57:07 PM",2h 1m 50s,Silviu-Vasilica.Luta@endava.com,Dava.X Academy - ETL Theory training sessions,2h 32m 16s
Timotei Cristian Morar,"6/26/25, 1:55:17 PM","6/26/25, 3:56:04 PM",2h 46s,Timotei-Cristian.Morar@endava.com,Dava.X Academy - ETL Theory training sessions,2h 32m 16s
Costina Vanghele,"6/26/25, 1:55:27 PM","6/26/25, 3:46:33 PM",1h 51m 5s,Costina.Vanghele@endava.com,Dava.X Academy - ETL Theory training sessions,2h 32m 16s
Veronica Caplea,"6/26/25, 1:55:31 PM","6/26/25, 3:58:59 PM",2h 3m 28s,Veronica.Caplea@endava.com,Dava.X Academy - ETL Theory training sessions,2h 32m 16s
Radu Ioan Maris,"6/26/25, 1:55:37 PM","6/26/25, 4:00:36 PM",2h 3m 52s,Radu-Ioan.Maris@endava.com,Dava.X Academy - ETL Theory training sessions,2h 32m 16s
Andreea Gabriela Pop,"6/26/25, 1:55:39 PM","6/26/25, 3:58:57 PM",2h 3m 17s,Andreea-Gabriela.Pop@endava.com,Dava.X Academy - ETL Theory training sessions,2h 32m 16s
Daria Lupu Dima,"6/26/25, 1:55:46 PM","6/26/25, 3:22:14 PM",1h 26m 28s,Daria.Lupu@endava.com,Dava.X Academy - ETL Theory training sessions,2h 32m 16s
Remus Mihai Prodan,"6/26/25, 1:55:49 PM","6/26/25, 3:59:18 PM",2h 3m 28s,Remus-Mihai.Prodan@endava.com,Dava.X Academy - ETL Theory training sessions,2h 32m 16s
George Stefan Bodogae,"6/26/25, 1:55:53 PM","6/26/25, 3:59:05 PM",2h 1m 9s,George-Stefan.Bodogae@endava.com,Dava.X Academy - ETL Theory training sessions,2h 32m 16s
Rodica Elena Rosca,"6/26/25, 1:55:58 PM","6/26/25, 3:58:59 PM",2h 3m,Rodica-Elena.Rosca@endava.com,Dava.X Academy - ETL Theory training sessions,2h 32m 16s
Octavian Cojocariu,"6/26/25, 1:56:01 PM","6/26/25, 3:59:08 PM",2h 3m 7s,Octavian.Cojocariu@endava.com,Dava.X Academy - ETL Theory training sessions,2h 32m 16s
Beniamin Cioban,"6/26/25, 1:56:02 PM","6/26/25, 3:59:36 PM",2h 3m 33s,Beniamin.Cioban@endava.com,Dava.X Academy - ETL Theory training sessions,2h 32m 16s
Cornel Adrian Pop,"6/26/25, 1:56:02 PM","6/26/25, 3:59:16 PM",2h 3m 13s,Cornel-Adrian.Pop@endava.com,Dava.X Academy - ETL Theory training sessions,2h 32m 16s
Rafael Ionut Stefanache,"6/26/25, 1:56:03 PM","6/26/25, 3:56:29 PM",1h 57m 50s,Rafael-Ionut.Stefanache@endava.com,Dava.X Academy - ETL Theory training sessions,2h 32m 16s
Andrei L Popovici,"6/26/25, 1:56:03 PM","6/26/25, 3:53:40 PM",1h 57m 36s,Andrei.Popovici2@endava.com,Dava.X Academy - ETL Theory training sessions,2h 32m 16s
Alina Trincu,"6/26/25, 1:56:08 PM","6/26/25, 3:47:43 PM",1h 51m 35s,Alina.Trincu@endava.com,Dava.X Academy - ETL Theory training sessions,2h 32m 16s
Alexandra Simona Danca,"6/26/25, 1:56:11 PM","6/26/25, 3:58:58 PM",2h 2m 47s,Alexandra-Simona.Danca@endava.com,Dava.X Academy - ETL Theory training sessions,2h 32m 16s
Andrei Tudor Mirza,"6/26/25, 1:56:14 PM","6/26/25, 3:59:33 PM",2h 3m 19s,Andrei-Tudor.Mirza@endava.com,Dava.X Academy - ETL Theory training sessions,2h 32m 16s
Madalina Daiana Gligan,"6/26/25, 1:56:14 PM","6/26/25, 3:59:34 PM",2h 3m 20s,Madalina-Daiana.Gligan@endava.com,Dava.X Academy - ETL Theory training sessions,2h 32m 16s
Iulia Olivia Cipleu,"6/26/25, 1:56:14 PM","6/26/25, 3:59:01 PM",2h 2m 47s,Iulia-Olivia.Cipleu@endava.com,Dava.X Academy - ETL Theory training sessions,2h 32m 16s
Costin Manolescu,"6/26/25, 1:56:18 PM","6/26/25, 3:59:33 PM",1h 57m 27s,Costin.Manolescu@endava.com,Dava.X Academy - ETL Theory training sessions,2h 32m 16s
Vlad Ioan Durdeu,"6/26/25, 1:56:18 PM","6/26/25, 3:59:12 PM",2h 2m 53s,Vlad-Ioan.Durdeu@endava.com,Dava.X Academy - ETL Theory training sessions,2h 32m 16s
Alexandru Duta,"6/26/25, 1:56:20 PM","6/26/25, 3:59:38 PM",2h 3m 18s,Alexandru.Duta2@endava.com,Dava.X Academy - ETL Theory training sessions,2h 32m 16s
Lucian Vatamanu,"6/26/25, 1:56:20 PM","6/26/25, 3:59:35 PM",2h 3m 14s,Lucian.Vatamanu@endava.com,Dava.X Academy - ETL Theory training sessions,2h 32m 16s
Iulius Stefan Ambros,"6/26/25, 1:56:23 PM","6/26/25, 3:59:11 PM",2h 2m 48s,Iulius-Stefan.Ambros@endava.com,Dava.X Academy - ETL Theory training sessions,2h 32m 16s
Sebastian Popa,"6/26/25, 1:56:23 PM","6/26/25, 3:57:59 PM",2h 1m 35s,Sebastian.Popa2@endava.com,Dava.X Academy - ETL Theory training sessions,2h 32m 16s
Vasile Tudorel Arion,"6/26/25, 1:56:23 PM","6/26/25, 3:59:36 PM",2h 3m 13s,Tudor.Arion@endava.com,Dava.X Academy - ETL Theory training sessions,2h 32m 16s
Adriana Maria Vadean,"6/26/25, 1:56:26 PM","6/26/25, 3:59:33 PM",2h 3m 6s,Adriana-Maria.Vadean@endava.com,Dava.X Academy - ETL Theory training sessions,2h 32m 16s
Vlad Andrei Groza,"6/26/25, 1:56:27 PM","6/26/25, 3:58:59 PM",2h 2m 31s,Vlad-Andrei.Groza@endava.com,Dava.X Academy - ETL Theory training sessions,2h 32m 16s
Andrei Madalin Diaconu,"6/26/25, 1:56:29 PM","6/26/25, 3:59:44 PM",2h 3m 14s,Andrei-Madalin.Diaconu@endava.com,Dava.X Academy - ETL Theory training sessions,2h 32m 16s
Iuliana Elena Rusu,"6/26/25, 1:56:30 PM","6/26/25, 3:59:25 PM",2h 2m 55s,Iuliana-Elena.Rusu@endava.com,Dava.X Academy - ETL Theory training sessions,2h 32m 16s
Reka Katalin Darko,"6/26/25, 1:56:31 PM","6/26/25, 3:59:23 PM",2h 2m 52s,Reka-Katalin.Darko@endava.com,Dava.X Academy - ETL Theory training sessions,2h 32m 16s
Andrei Mihnea,"6/26/25, 1:56:39 PM","6/26/25, 3:59:33 PM",2h 2m 53s,Andrei.Mihnea@endava.com,Dava.X Academy - ETL Theory training sessions,2h 32m 16s
Teodora Maximiuc,"6/26/25, 1:56:44 PM","6/26/25, 3:59:13 PM",2h 2m 29s,Teodora.Maximiuc@endava.com,Dava.X Academy - ETL Theory training sessions,2h 32m 16s
Ionut Popescu,"6/26/25, 1:56:44 PM","6/26/25, 3:57:45 PM",2h 1m,Ionut.Popescu@endava.com,Dava.X Academy - ETL Theory training sessions,2h 32m 16s
Laurentiu Fratila,"6/26/25, 1:56:46 PM","6/26/25, 3:59:35 PM",2h 2m 48s,Laurentiu.Fratila@endava.com,Dava.X Academy - ETL Theory training sessions,2h 32m 16s
Augustin Dumitru Sasu,"6/26/25, 1:56:47 PM","6/26/25, 3:59:05 PM",2h 2m 17s,Augustin-Dumitru.Sasu@endava.com,Dava.X Academy - ETL Theory training sessions,2h 32m 16s
Cristian Valentin Alexa,"6/26/25, 1:56:53 PM","6/26/25, 3:59:38 PM",2h 2m 44s,Cristian-Valentin.Alexa@endava.com,Dava.X Academy - ETL Theory training sessions,2h 32m 16s
Adina Denisa Horj,"6/26/25, 1:56:53 PM","6/26/25, 3:59:06 PM",2h 2m 12s,Adina-Denisa.Horj@endava.com,Dava.X Academy - ETL Theory training sessions,2h 32m 16s
George-Catalin Ghiold,"6/26/25, 1:56:57 PM","6/26/25, 3:59:23 PM",2h 2m 26s,George-Catalin.Ghiold@endava.com,Dava.X Academy - ETL Theory training sessions,2h 32m 16s
Alexandru Mirea,"6/26/25, 1:57:02 PM","6/26/25, 4:00:51 PM",1h 49m 15s,Alexandru.Mirea@endava.com,Dava.X Academy - ETL Theory training sessions,2h 32m 16s
Andreea-Raluca Neagu,"6/26/25, 1:57:08 PM","6/26/25, 3:59:41 PM",2h 2m 32s,Andreea-Raluca.Neagu@endava.com,Dava.X Academy - ETL Theory training sessions,2h 32m 16s
Ruben Daniel Pasca,"6/26/25, 1:57:10 PM","6/26/25, 3:59:40 PM",2h 2m 29s,Ruben-Daniel.Pasca@endava.com,Dava.X Academy - ETL Theory training sessions,2h 32m 16s
Sebastian Cristian Sleam,"6/26/25, 1:57:14 PM","6/26/25, 3:59:05 PM",2h 1m 50s,Sebastian-Cristian.Sleam@endava.com,Dava.X Academy - ETL Theory training sessions,2h 32m 16s
Raul Mihai Rusu,"6/26/25, 1:57:14 PM","6/26/25, 3:59:41 PM",2h 2m 27s,Raul-Mihai.Rusu@endava.com,Dava.X Academy - ETL Theory training sessions,2h 32m 16s
Stefan Daniel Ionita,"6/26/25, 1:57:16 PM","6/26/25, 3:31:02 PM",1h 33m 45s,StefanDaniel.Ionita@endava.com,Dava.X Academy - ETL Theory training sessions,2h 32m 16s
Dragos Maxim,"6/26/25, 1:57:19 PM","6/26/25, 3:59:23 PM",2h 2m 4s,Dragos.Maxim@endava.com,Dava.X Academy - ETL Theory training sessions,2h 32m 16s
Serban Marian Precup,"6/26/25, 1:57:23 PM","6/26/25, 3:59:41 PM",2h 2m 18s,Serban-Marian.Precup@endava.com,Dava.X Academy - ETL Theory training sessions,2h 32m 16s
Mozes Csaszar,"6/26/25, 1:57:23 PM","6/26/25, 3:59:15 PM",2h 1m 52s,Mozes.Csaszar@endava.com,Dava.X Academy - ETL Theory training sessions,2h 32m 16s
Stefan-Daniel Ochian,"6/26/25, 1:57:23 PM","6/26/25, 3:59:39 PM",2h 2m 15s,Stefan-Daniel.Ochian@endava.com,Dava.X Academy - ETL Theory training sessions,2h 32m 16s
Gheorghe-Cristian Terovan,"6/26/25, 1:57:23 PM","6/26/25, 3:59:16 PM",2h 1m 53s,Gheorghe-Cristian.Terovan@endava.com,Dava.X Academy - ETL Theory training sessions,2h 32m 16s
Andra-Maria Petcu,"6/26/25, 1:57:32 PM","6/26/25, 3:59:36 PM",2h 2m 3s,Andra-Maria.Petcu@endava.com,Dava.X Academy - ETL Theory training sessions,2h 32m 16s
Gabriel Alexandru Nedelcu,"6/26/25, 1:57:32 PM","6/26/25, 3:52:01 PM",1h 54m 28s,Gabriel-Alexandru.Nedelcu@endava.com,Dava.X Academy - ETL Theory training sessions,2h 32m 16s
Claudiu Marinescu,"6/26/25, 1:57:36 PM","6/26/25, 3:59:23 PM",2h 1m 46s,Claudiu.Marinescu@endava.com,Dava.X Academy - ETL Theory training sessions,2h 32m 16s
Vasile Meghesan,"6/26/25, 1:57:39 PM","6/26/25, 3:58:53 PM",2h 1m 14s,Vasile.Meghesan@endava.com,Dava.X Academy - ETL Theory training sessions,2h 32m 16s
Cristian Ghiuta,"6/26/25, 1:57:39 PM","6/26/25, 3:59:30 PM",2h 1m 51s,Cristian.Ghiuta@endava.com,Dava.X Academy - ETL Theory training sessions,2h 32m 16s
Vlad V Muresan,"6/26/25, 1:57:39 PM","6/26/25, 3:59:23 PM",2h 1m 44s,Vlad.Muresan2@endava.com,Dava.X Academy - ETL Theory training sessions,2h 32m 16s
Eric Marian Dascalu,"6/26/25, 1:57:48 PM","6/26/25, 3:59:27 PM",2h 1m 38s,Eric-Marian.Dascalu@endava.com,Dava.X Academy - ETL Theory training sessions,2h 32m 16s
Constantin Bogdan Moga,"6/26/25, 1:57:48 PM","6/26/25, 3:59:38 PM",2h 1m 50s,Constantin-Bogdan.Moga@endava.com,Dava.X Academy - ETL Theory training sessions,2h 32m 16s
Luigi Emanuel Arama,"6/26/25, 1:57:51 PM","6/26/25, 3:52:54 PM",1h 55m 3s,Luigi-Emanuel.Arama@endava.com,Dava.X Academy - ETL Theory training sessions,2h 32m 16s
Ana Ciobanu,"6/26/25, 1:58:01 PM","6/26/25, 3:59:39 PM",2h 1m 37s,Ana.Ciobanu@endava.com,Dava.X Academy - ETL Theory training sessions,2h 32m 16s
Bogdan Nicolae Cotta,"6/26/25, 1:58:01 PM","6/26/25, 3:59:21 PM",2h 1m 19s,Bogdan-Nicolae.Cotta@endava.com,Dava.X Academy - ETL Theory training sessions,2h 32m 16s
Alexandru Alin Potanga,"6/26/25, 1:58:03 PM","6/26/25, 3:59:35 PM",2h 1m 32s,Alexandru-Alin.Potanga@endava.com,Dava.X Academy - ETL Theory training sessions,2h 32m 16s
Darius Fratila,"6/26/25, 1:58:03 PM","6/26/25, 3:59:18 PM",2h 1m 15s,Darius.Fratila@endava.com,Dava.X Academy - ETL Theory training sessions,2h 32m 16s
Andreea Maria Monete,"6/26/25, 1:58:05 PM","6/26/25, 3:07:32 PM",1h 9m 26s,Andreea-Maria.Monete@endava.com,Dava.X Academy - ETL Theory training sessions,2h 32m 16s
Valentin Alexe,"6/26/25, 1:58:10 PM","6/26/25, 3:59:39 PM",2h 1m 28s,Valentin.Alexe@endava.com,Dava.X Academy - ETL Theory training sessions,2h 32m 16s
Andrei Alin Socoteala,"6/26/25, 1:58:12 PM","6/26/25, 3:59:16 PM",2h 1m 3s,Andrei-Alin.Socoteala@endava.com,Dava.X Academy - ETL Theory training sessions,2h 32m 16s
Diana Cristina Mocan,"6/26/25, 1:58:14 PM","6/26/25, 3:58:59 PM",2h 44s,Diana-Cristina.Mocan@endava.com,Dava.X Academy - ETL Theory training sessions,2h 32m 16s
Alex Rares Roman,"6/26/25, 1:58:24 PM","6/26/25, 3:59:31 PM",2h 1m 6s,Alex-Rares.Roman@endava.com,Dava.X Academy - ETL Theory training sessions,2h 32m 16s
Dragos Badarau,"6/26/25, 1:58:25 PM","6/26/25, 3:59:29 PM",2h 1m 4s,Dragos.Badarau@endava.com,Dava.X Academy - ETL Theory training sessions,2h 32m 16s
Teodor Badarcea,"6/26/25, 1:58:27 PM","6/26/25, 3:59:15 PM",2h 47s,Teodor.Badarcea@endava.com,Dava.X Academy - ETL Theory training sessions,2h 32m 16s
Alexandru Marian Armanu,"6/26/25, 1:58:27 PM","6/26/25, 3:58:55 PM",2h 28s,Alexandru-Marian.Armanu@endava.com,Dava.X Academy - ETL Theory training sessions,2h 32m 16s
Eduard George Stan,"6/26/25, 1:58:34 PM","6/26/25, 3:59:27 PM",1h 24m,Eduard-George.Stan@endava.com,Dava.X Academy - ETL Theory training sessions,2h 32m 16s
Daniel-Ionel Beg,"6/26/25, 1:58:35 PM","6/26/25, 3:41:21 PM",1h 42m 45s,Daniel-Ionel.Beg@endava.com,Dava.X Academy - ETL Theory training sessions,2h 32m 16s
Laszlo Carlos Fodor,"6/26/25, 1:58:37 PM","6/26/25, 3:16:51 PM",1h 18m 14s,Laszlo-Carlos.Fodor@endava.com,Dava.X Academy - ETL Theory training sessions,2h 32m 16s
Alexandru Cinipa,"6/26/25, 1:58:39 PM","6/26/25, 4:00:36 PM",2h 1m 56s,Alexandru.Cinipa@endava.com,Dava.X Academy - ETL Theory training sessions,2h 32m 16s
Catalin George Adrian Otet,"6/26/25, 1:58:41 PM","6/26/25, 3:59:38 PM",2h 57s,Catalin-George-Adrian.Otet@endava.com,Dava.X Academy - ETL Theory training sessions,2h 32m 16s
Camelia Stoica,"6/26/25, 1:58:41 PM","6/26/25, 3:59:44 PM",2h 1m 2s,Camelia.Stoica@endava.com,Dava.X Academy - ETL Theory training sessions,2h 32m 16s
Rares Dascalu,"6/26/25, 1:58:41 PM","6/26/25, 3:42:18 PM",1h 43m 37s,Rares.Dascalu@endava.com,Dava.X Academy - ETL Theory training sessions,2h 32m 16s
Mihai Alexandru Ionel,"6/26/25, 1:58:48 PM","6/26/25, 3:59:36 PM",2h 48s,Mihai-Alexandru.Ionel@endava.com,Dava.X Academy - ETL Theory training sessions,2h 32m 16s
Mihnea-Alexandru Pele,"6/26/25, 1:58:48 PM","6/26/25, 3:58:59 PM",2h 11s,Mihnea-Alexandru.Pele@endava.com,Dava.X Academy - ETL Theory training sessions,2h 32m 16s
Emanuel Luculescu,"6/26/25, 1:58:52 PM","6/26/25, 3:59:27 PM",2h 35s,Emanuel.Luculescu@endava.com,Dava.X Academy - ETL Theory training sessions,2h 32m 16s
Alexandru Panainte,"6/26/25, 1:58:52 PM","6/26/25, 3:59:15 PM",2h 22s,Alexandru.Panainte@endava.com,Dava.X Academy - ETL Theory training sessions,2h 32m 16s
Tudor Mihai Iakkel,"6/26/25, 1:58:53 PM","6/26/25, 3:59:03 PM",2h 9s,Tudor-Mihai.Iakkel@endava.com,Dava.X Academy - ETL Theory training sessions,2h 32m 16s
David Postolea,"6/26/25, 1:58:54 PM","6/26/25, 3:21:52 PM",1h 22m 57s,David.Postolea@endava.com,Dava.X Academy - ETL Theory training sessions,2h 32m 16s
Robert Negre,"6/26/25, 1:58:54 PM","6/26/25, 3:59:52 PM",2h 57s,Robert.Negre@endava.com,Dava.X Academy - ETL Theory training sessions,2h 32m 16s
Daria Alexia Irimie,"6/26/25, 1:58:57 PM","6/26/25, 4:00:20 PM",2h 1m 23s,Daria-Alexia.Irimie@endava.com,Dava.X Academy - ETL Theory training sessions,2h 32m 16s
Vlad Cristian Brinzas,"6/26/25, 1:58:57 PM","6/26/25, 3:59:01 PM",2h 4s,Vlad-Cristian.Brinzas@endava.com,Dava.X Academy - ETL Theory training sessions,2h 32m 16s
Mihnea Sebastian Ilie Encean,"6/26/25, 1:58:59 PM","6/26/25, 3:58:59 PM",1h 59m 59s,Mihnea-Sebastian-Ilie.Encean@endava.com,Dava.X Academy - ETL Theory training sessions,2h 32m 16s
Luisa Yi Qing Yang,"6/26/25, 1:58:59 PM","6/26/25, 3:58:57 PM",1h 59m 58s,Luisa-Yi-Qing.Yang@endava.com,Dava.X Academy - ETL Theory training sessions,2h 32m 16s
Miruna Curduman,"6/26/25, 1:59:01 PM","6/26/25, 3:59:35 PM",2h 33s,Miruna.Curduman@endava.com,Dava.X Academy - ETL Theory training sessions,2h 32m 16s
Ioana Marc,"6/26/25, 1:59:07 PM","6/26/25, 3:59:22 PM",2h 15s,Ioana.Marc2@endava.com,Dava.X Academy - ETL Theory training sessions,2h 32m 16s
Rafael Andries,"6/26/25, 1:59:09 PM","6/26/25, 3:59:45 PM",1h 56m 3s,Rafael.Andries@endava.com,Dava.X Academy - ETL Theory training sessions,2h 32m 16s
Robert Erno Eminovici,"6/26/25, 1:59:10 PM","6/26/25, 3:59:04 PM",1h 42m 39s,Robert-Erno.Eminovici@endava.com,Dava.X Academy - ETL Theory training sessions,2h 32m 16s
Andrei Alexandru Gheorghe,"6/26/25, 1:59:11 PM","6/26/25, 3:59:38 PM",2h 27s,Andrei-Alexandru.Gheorghe@endava.com,Dava.X Academy - ETL Theory training sessions,2h 32m 16s
Vlad Baranceanu,"6/26/25, 1:59:13 PM","6/26/25, 2:49:10 PM",49m 57s,Vlad.Baranceanu@endava.com,Dava.X Academy - ETL Theory training sessions,2h 32m 16s
Darius Dinu,"6/26/25, 1:59:17 PM","6/26/25, 3:59:37 PM",2h 19s,Darius.Dinu@endava.com,Dava.X Academy - ETL Theory training sessions,2h 32m 16s
Denis-Alexandru Antonescu,"6/26/25, 1:59:19 PM","6/26/25, 3:48:11 PM",1h 48m 52s,Denis-Alexandru.Antonescu@endava.com,Dava.X Academy - ETL Theory training sessions,2h 32m 16s
Daniel Antoniu Dumitru,"6/26/25, 1:59:19 PM","6/26/25, 3:59:38 PM",2h 19s,Daniel-Antoniu.Dumitru@endava.com,Dava.X Academy - ETL Theory training sessions,2h 32m 16s
Alin Constantin Florescu,"6/26/25, 1:59:20 PM","6/26/25, 3:59:40 PM",2h 19s,Alin-Constantin.Florescu@endava.com,Dava.X Academy - ETL Theory training sessions,2h 32m 16s
Alessia-Elena Rados,"6/26/25, 1:59:20 PM","6/26/25, 3:59:30 PM",2h 10s,Alessia-Elena.Rados@endava.com,Dava.X Academy - ETL Theory training sessions,2h 32m 16s
Darius-Cristian Gherle,"6/26/25, 1:59:24 PM","6/26/25, 3:58:59 PM",1h 59m 35s,Darius-Cristian.Gherle@endava.com,Dava.X Academy - ETL Theory training sessions,2h 32m 16s
Ionut Birsan,"6/26/25, 1:59:28 PM","6/26/25, 3:59:42 PM",2h 14s,Ionut.Birsan@endava.com,Dava.X Academy - ETL Theory training sessions,2h 32m 16s
Eduard Stefan Mariniuc,"6/26/25, 1:59:28 PM","6/26/25, 3:58:24 PM",1h 58m 56s,Eduard-Stefan.Mariniuc@endava.com,Dava.X Academy - ETL Theory training sessions,2h 32m 16s
Flora Balogh,"6/26/25, 1:59:32 PM","6/26/25, 3:58:59 PM",1h 59m 27s,Flora.Balogh@endava.com,Dava.X Academy - ETL Theory training sessions,2h 32m 16s
Nicola-Diana Sincaru,"6/26/25, 1:59:32 PM","6/26/25, 3:59:38 PM",2h 6s,Nicola-Diana.Sincaru@endava.com,Dava.X Academy - ETL Theory training sessions,2h 32m 16s
Nicolae Vasile Veciunca,"6/26/25, 1:59:33 PM","6/26/25, 3:59:38 PM",2h 4s,Nicolae-Vasile.Veciunca@endava.com,Dava.X Academy - ETL Theory training sessions,2h 32m 16s
Gabriel Firisar,"6/26/25, 1:59:35 PM","6/26/25, 3:58:59 PM",1h 59m 24s,Gabriel.Firisar@endava.com,Dava.X Academy - ETL Theory training sessions,2h 32m 16s
Dan Teodor Buzoianu,"6/26/25, 1:59:36 PM","6/26/25, 3:59:18 PM",1h 59m 42s,Dan-Teodor.Buzoianu@endava.com,Dava.X Academy - ETL Theory training sessions,2h 32m 16s
George Iulian Stoian,"6/26/25, 1:59:36 PM","6/26/25, 3:58:58 PM",1h 59m 21s,George-Iulian.Stoian@endava.com,Dava.X Academy - ETL Theory training sessions,2h 32m 16s
Zoltan Balint,"6/26/25, 1:59:39 PM","6/26/25, 3:50:18 PM",1h 50m 39s,Zoltan.Balint2@endava.com,Dava.X Academy - ETL Theory training sessions,2h 32m 16s
Anca Elena Ilie,"6/26/25, 1:59:40 PM","6/26/25, 3:59:26 PM",1h 59m 45s,Anca-Elena.Ilie@endava.com,Dava.X Academy - ETL Theory training sessions,2h 32m 16s
Iustin-Mihai Stanciu,"6/26/25, 1:59:41 PM","6/26/25, 3:57:51 PM",1h 58m 9s,Iustin-Mihai.Stanciu@endava.com,Dava.X Academy - ETL Theory training sessions,2h 32m 16s
Patricia Costras,"6/26/25, 1:59:41 PM","6/26/25, 3:59:11 PM",1h 59m 29s,Patricia.Costras@endava.com,Dava.X Academy - ETL Theory training sessions,2h 32m 16s
Robert Catalin Franciuc,"6/26/25, 1:59:41 PM","6/26/25, 3:59:50 PM",2h 9s,Robert-Catalin.Franciuc@endava.com,Dava.X Academy - ETL Theory training sessions,2h 32m 16s
Stefan-Claudiu Bulintis,"6/26/25, 1:59:42 PM","6/26/25, 3:59:03 PM",1h 59m 21s,Stefan-Claudiu.Bulintis@endava.com,Dava.X Academy - ETL Theory training sessions,2h 32m 16s
Darius Margarit,"6/26/25, 1:59:45 PM","6/26/25, 3:59:42 PM",1h 59m 57s,Darius.Margarit@endava.com,Dava.X Academy - ETL Theory training sessions,2h 32m 16s
Cerasela Nicola Soare,"6/26/25, 1:59:48 PM","6/26/25, 3:51:57 PM",1h 52m 8s,Cerasela-Nicola.Soare@endava.com,Dava.X Academy - ETL Theory training sessions,2h 32m 16s
Cezara Teofana Aprofirei,"6/26/25, 1:59:48 PM","6/26/25, 3:58:26 PM",1h 58m 37s,Cezara-Teofana.Aprofirei@endava.com,Dava.X Academy - ETL Theory training sessions,2h 32m 16s
Irina Vasilita,"6/26/25, 1:59:48 PM","6/26/25, 3:58:27 PM",1h 58m 38s,Irina.Vasilita@endava.com,Dava.X Academy - ETL Theory training sessions,2h 32m 16s
Robert Alexandru Badea,"6/26/25, 1:59:50 PM","6/26/25, 3:59:43 PM",1h 59m 53s,Robert-Alexandru.Badea@endava.com,Dava.X Academy - ETL Theory training sessions,2h 32m 16s
Alexandru Pestritu,"6/26/25, 1:59:51 PM","6/26/25, 3:59:16 PM",1h 59m 24s,Alexandru.Pestritu@endava.com,Dava.X Academy - ETL Theory training sessions,2h 32m 16s
Andrei Andries,"6/26/25, 1:59:52 PM","6/26/25, 3:58:58 PM",1h 59m 5s,Andrei.Andries@endava.com,Dava.X Academy - ETL Theory training sessions,2h 32m 16s
Florina Eugenia Hategan,"6/26/25, 1:59:52 PM","6/26/25, 3:59:39 PM",1h 59m 47s,Florina---Eugenia.Hategan@endava.com,Dava.X Academy - ETL Theory training sessions,2h 32m 16s
Denis Ivan,"6/26/25, 1:59:54 PM","6/26/25, 4:04:05 PM",1h 59m 31s,Denis.Ivan@endava.com,Dava.X Academy - ETL Theory training sessions,2h 32m 16s
Andreea Marina Son,"6/26/25, 1:59:54 PM","6/26/25, 3:22:06 PM",1h 22m 11s,Andreea-Marina.Son@endava.com,Dava.X Academy - ETL Theory training sessions,2h 32m 16s
Oana-Maria Danciu,"6/26/25, 1:59:57 PM","6/26/25, 3:59:01 PM",1h 59m 3s,Oana-Maria.Danciu@endava.com,Dava.X Academy - ETL Theory training sessions,2h 32m 16s
Tiberiu Iatan,"6/26/25, 1:59:57 PM","6/26/25, 3:50:21 PM",1h 50m 23s,Tiberiu.Iatan@endava.com,Dava.X Academy - ETL Theory training sessions,2h 32m 16s
Rares Stefan Cazan,"6/26/25, 1:59:59 PM","6/26/25, 3:59:34 PM",1h 54m 27s,Rares-Stefan.Cazan@endava.com,Dava.X Academy - ETL Theory training sessions,2h 32m 16s
Alexandru Catrinescu,"6/26/25, 1:59:59 PM","6/26/25, 3:59:38 PM",1h 59m 39s,Alexandru.Catrinescu@endava.com,Dava.X Academy - ETL Theory training sessions,2h 32m 16s
Andrei Ionascu,"6/26/25, 1:59:59 PM","6/26/25, 3:30:48 PM",1h 30m 49s,Andrei.Ionascu@endava.com,Dava.X Academy - ETL Theory training sessions,2h 32m 16s
Delia Tudor,"6/26/25, 2:00:02 PM","6/26/25, 3:59:30 PM",1h 54m 58s,Delia.Tudor@endava.com,Dava.X Academy - ETL Theory training sessions,2h 32m 16s
Mihai Cristian Tabarcea,"6/26/25, 2:00:03 PM","6/26/25, 3:59:27 PM",1h 59m 23s,Mihai-Cristian.Tabarcea@endava.com,Dava.X Academy - ETL Theory training sessions,2h 32m 16s
Adrian Vasile Vladescu,"6/26/25, 2:00:05 PM","6/26/25, 4:01:36 PM",2h 1m 30s,Adrian-Vasile.Vladescu@endava.com,Dava.X Academy - ETL Theory training sessions,2h 32m 16s
Alexandru Toma,"6/26/25, 2:00:09 PM","6/26/25, 4:00:19 PM",2h 10s,Alexandru.Toma@endava.com,Dava.X Academy - ETL Theory training sessions,2h 32m 16s
Tiberiu Gabriel Suditu,"6/26/25, 2:00:09 PM","6/26/25, 3:59:50 PM",1h 59m 40s,Tiberiu-Gabriel.Suditu@endava.com,Dava.X Academy - ETL Theory training sessions,2h 32m 16s
Matei Micu,"6/26/25, 2:00:10 PM","6/26/25, 3:48:43 PM",1h 48m 32s,Matei-Mihai.Micu@endava.com,Dava.X Academy - ETL Theory training sessions,2h 32m 16s
Tudor Gabriel Pascaru,"6/26/25, 2:00:10 PM","6/26/25, 3:59:38 PM",1h 59m 27s,Tudor-Gabriel.Pascaru@endava.com,Dava.X Academy - ETL Theory training sessions,2h 32m 16s
Angel David Palihovici,"6/26/25, 2:00:11 PM","6/26/25, 3:37:55 PM",1h 30m 45s,Angel-David.Palihovici@endava.com,Dava.X Academy - ETL Theory training sessions,2h 32m 16s
Vlad Badulescu,"6/26/25, 2:00:12 PM","6/26/25, 3:59:34 PM",1h 59m 21s,Vlad.Badulescu@endava.com,Dava.X Academy - ETL Theory training sessions,2h 32m 16s
Razvan Niculae,"6/26/25, 2:00:13 PM","6/26/25, 3:59:36 PM",1h 49m 15s,razvan.niculae@endava.com,Dava.X Academy - ETL Theory training sessions,2h 32m 16s
Robert Cristian,"6/26/25, 2:00:16 PM","6/26/25, 4:20:06 PM",1h 59m 31s,Robert.Cristian@endava.com,Dava.X Academy - ETL Theory training sessions,2h 32m 16s
Razvan Azoitei,"6/26/25, 2:00:16 PM","6/26/25, 3:19:44 PM",1h 19m 27s,Razvan.Azoitei@endava.com,Dava.X Academy - ETL Theory training sessions,2h 32m 16s
Filip Craciun,"6/26/25, 2:00:17 PM","6/26/25, 3:59:22 PM",1h 59m 4s,Filip.Craciun@endava.com,Dava.X Academy - ETL Theory training sessions,2h 32m 16s
Andrei Vataselu,"6/26/25, 2:00:20 PM","6/26/25, 3:58:52 PM",1h 58m 32s,Andrei.Vataselu@endava.com,Dava.X Academy - ETL Theory training sessions,2h 32m 16s
Sabin Chirila,"6/26/25, 2:00:20 PM","6/26/25, 3:58:53 PM",1h 58m 33s,Sabin.Chirila@endava.com,Dava.X Academy - ETL Theory training sessions,2h 32m 16s
Bogdan Gargu,"6/26/25, 2:00:21 PM","6/26/25, 3:59:45 PM",1h 59m 24s,Bogdan.Gargu@endava.com,Dava.X Academy - ETL Theory training sessions,2h 32m 16s
Denis-Mihai Mateas,"6/26/25, 2:00:21 PM","6/26/25, 3:59:19 PM",1h 58m 57s,Denis-Mihai.Mateas@endava.com,Dava.X Academy - ETL Theory training sessions,2h 32m 16s
Rares Alexandru Iancu,"6/26/25, 2:00:24 PM","6/26/25, 3:44:56 PM",1h 44m 31s,Rares-Alexandru.Iancu@endava.com,Dava.X Academy - ETL Theory training sessions,2h 32m 16s
Cristiana Ioana Apastinei,"6/26/25, 2:00:24 PM","6/26/25, 3:59:00 PM",1h 58m 35s,Cristiana-Ioana.Apastinei@endava.com,Dava.X Academy - ETL Theory training sessions,2h 32m 16s
Andrei Margelatu,"6/26/25, 2:00:26 PM","6/26/25, 3:59:37 PM",1h 59m 10s,Andrei.Margelatu@endava.com,Dava.X Academy - ETL Theory training sessions,2h 32m 16s
Rares Ciprian Balan,"6/26/25, 2:00:26 PM","6/26/25, 3:49:35 PM",1h 49m 9s,Rares-Ciprian.Balan@endava.com,Dava.X Academy - ETL Theory training sessions,2h 32m 16s
Manuel Lazar,"6/26/25, 2:00:27 PM","6/26/25, 3:58:55 PM",1h 58m 28s,Manuel.Lazar@endava.com,Dava.X Academy - ETL Theory training sessions,2h 32m 16s
Fabian Iordache,"6/26/25, 2:00:28 PM","6/26/25, 3:59:38 PM",1h 59m 9s,Fabian.Iordache@endava.com,Dava.X Academy - ETL Theory training sessions,2h 32m 16s
Theodor Cristian Gheorghe,"6/26/25, 2:00:30 PM","6/26/25, 3:59:36 PM",1h 54m 17s,Theodor-Cristian.Gheorghe@endava.com,Dava.X Academy - ETL Theory training sessions,2h 32m 16s
Armin Andrei Chanchian,"6/26/25, 2:00:31 PM","6/26/25, 3:59:39 PM",1h 59m 7s,Armin-Andrei.Chanchian@endava.com,Dava.X Academy - ETL Theory training sessions,2h 32m 16s
George Andrei Necula,"6/26/25, 2:00:34 PM","6/26/25, 3:59:43 PM",1h 59m 8s,George-Andrei.Necula@endava.com,Dava.X Academy - ETL Theory training sessions,2h 32m 16s
Stefan Nicolae Gheorghiu,"6/26/25, 2:00:35 PM","6/26/25, 3:59:25 PM",1h 23m 30s,Stefan-Nicolae.Gheorghiu@endava.com,Dava.X Academy - ETL Theory training sessions,2h 32m 16s
Mihai Negrea,"6/26/25, 2:00:40 PM","6/26/25, 4:15:45 PM",1h 58m 22s,Mihai.Negrea@endava.com,Dava.X Academy - ETL Theory training sessions,2h 32m 16s
Maria Mihaela Bradea,"6/26/25, 2:00:45 PM","6/26/25, 3:58:58 PM",1h 58m 12s,Maria-Mihaela.Bradea@endava.com,Dava.X Academy - ETL Theory training sessions,2h 32m 16s
Ioana Alexa,"6/26/25, 2:00:47 PM","6/26/25, 3:59:43 PM",1h 58m 56s,Ioana.Alexa@endava.com,Dava.X Academy - ETL Theory training sessions,2h 32m 16s
Matei Tatar,"6/26/25, 2:00:48 PM","6/26/25, 3:59:49 PM",1h 50m 40s,Matei.Tatar@endava.com,Dava.X Academy - ETL Theory training sessions,2h 32m 16s
Octavian Paul Ilies,"6/26/25, 2:00:51 PM","6/26/25, 3:58:55 PM",1h 58m 4s,Octavian-Paul.Ilies@endava.com,Dava.X Academy - ETL Theory training sessions,2h 32m 16s
Adrian Matean,"6/26/25, 2:00:53 PM","6/26/25, 2:03:35 PM",2m 42s,Adrian.Matean@endava.com,Dava.X Academy - ETL Theory training sessions,2h 32m 16s
Mihai Maciuc,"6/26/25, 2:00:53 PM","6/26/25, 3:59:27 PM",1h 58m 34s,Mihai.Maciuc@endava.com,Dava.X Academy - ETL Theory training sessions,2h 32m 16s
Mariana Ionela Muntian,"6/26/25, 2:00:55 PM","6/26/25, 3:59:08 PM",1h 53m 14s,Mariana-Ionela.Muntian@endava.com,Dava.X Academy - ETL Theory training sessions,2h 32m 16s
Felix Cosmin Orga,"6/26/25, 2:00:57 PM","6/26/25, 3:59:03 PM",1h 58m 5s,Felix-Cosmin.Orga@endava.com,Dava.X Academy - ETL Theory training sessions,2h 32m 16s
Silviu Mihail Pavel,"6/26/25, 2:00:58 PM","6/26/25, 3:46:20 PM",1h 45m 21s,Silviu-Mihail.Pavel@endava.com,Dava.X Academy - ETL Theory training sessions,2h 32m 16s
Luka Popovici,"6/26/25, 2:01:00 PM","6/26/25, 3:58:55 PM",1h 57m 55s,Luka.Popovici@endava.com,Dava.X Academy - ETL Theory training sessions,2h 32m 16s
Maria-Ioana Fuerea,"6/26/25, 2:01:00 PM","6/26/25, 3:58:12 PM",1h 57m 12s,Maria-Ioana.Fuerea@endava.com,Dava.X Academy - ETL Theory training sessions,2h 32m 16s
Alexandru Munteanu,"6/26/25, 2:01:01 PM","6/26/25, 4:02:36 PM",2h 1m 34s,Alexandru.Munteanu@endava.com,Dava.X Academy - ETL Theory training sessions,2h 32m 16s
Laura Andrada Ciobanu,"6/26/25, 2:01:03 PM","6/26/25, 3:59:01 PM",1h 46m 39s,Laura-Andrada.Ciobanu@endava.com,Dava.X Academy - ETL Theory training sessions,2h 32m 16s
Florin Nita,"6/26/25, 2:01:03 PM","6/26/25, 3:59:35 PM",1h 58m 31s,Florin.Nita@endava.com,Dava.X Academy - ETL Theory training sessions,2h 32m 16s
Ana Stefania Serbanoiu,"6/26/25, 2:01:03 PM","6/26/25, 3:59:27 PM",1h 58m 23s,Ana-Stefania.Serbanoiu@endava.com,Dava.X Academy - ETL Theory training sessions,2h 32m 16s
Robert-Cosmin Tudorache,"6/26/25, 2:01:12 PM","6/26/25, 3:59:09 PM",1h 57m 57s,Robert-Cosmin.Tudorache@endava.com,Dava.X Academy - ETL Theory training sessions,2h 32m 16s
Sabin Andrei Popa,"6/26/25, 2:01:18 PM","6/26/25, 3:44:59 PM",1h 43m 40s,Sabin-Andrei.Popa@endava.com,Dava.X Academy - ETL Theory training sessions,2h 32m 16s
Rares Gabriel Margarint,"6/26/25, 2:01:21 PM","6/26/25, 3:58:56 PM",1h 57m 35s,Rares-Gabriel.Margarint@endava.com,Dava.X Academy - ETL Theory training sessions,2h 32m 16s
Alexandru Bardasu,"6/26/25, 2:01:23 PM","6/26/25, 3:59:04 PM",1h 57m 41s,Alexandru.Bardasu@endava.com,Dava.X Academy - ETL Theory training sessions,2h 32m 16s
Madalina Birtu,"6/26/25, 2:01:29 PM","6/26/25, 3:59:36 PM",1h 58m 7s,Madalina.Birtu@endava.com,Dava.X Academy - ETL Theory training sessions,2h 32m 16s
Daniela Munteanu,"6/26/25, 2:01:29 PM","6/26/25, 3:59:23 PM",1h 57m 54s,Daniela.Munteanu@endava.com,Dava.X Academy - ETL Theory training sessions,2h 32m 16s
Irina Morosanu,"6/26/25, 2:01:32 PM","6/26/25, 3:59:28 PM",1h 57m 55s,Irina.Morosanu@endava.com,Dava.X Academy - ETL Theory training sessions,2h 32m 16s
Ioan Agape,"6/26/25, 2:01:33 PM","6/26/25, 3:59:26 PM",1h 57m 53s,Ioan.Agape@endava.com,Dava.X Academy - ETL Theory training sessions,2h 32m 16s
Iasmina Pagu,"6/26/25, 2:01:34 PM","6/26/25, 3:59:35 PM",1h 58m,Iasmina-Andra.Pagu@endava.com,Dava.X Academy - ETL Theory training sessions,2h 32m 16s
Alexandru Chelaru,"6/26/25, 2:01:34 PM","6/26/25, 3:59:28 PM",1h 57m 53s,Alexandru.Chelaru@endava.com,Dava.X Academy - ETL Theory training sessions,2h 32m 16s
Botond Ors Solyom,"6/26/25, 2:01:37 PM","6/26/25, 3:59:01 PM",1h 57m 23s,Botond-Ors.Solyom@endava.com,Dava.X Academy - ETL Theory training sessions,2h 32m 16s
Polina Ciumac,"6/26/25, 2:01:41 PM","6/26/25, 3:59:37 PM",1h 57m 56s,Polina.Ciumac@endava.com,Dava.X Academy - ETL Theory training sessions,2h 32m 16s
Mihnea Amihailesei,"6/26/25, 2:01:43 PM","6/26/25, 3:58:22 PM",1h 41m 8s,Mihnea.Amihailesei@endava.com,Dava.X Academy - ETL Theory training sessions,2h 32m 16s
Andreea Grecu,"6/26/25, 2:01:43 PM","6/26/25, 3:55:06 PM",1h 48m 59s,Andreea.Grecu2@endava.com,Dava.X Academy - ETL Theory training sessions,2h 32m 16s
Daniel Kewin Chifa,"6/26/25, 2:01:45 PM","6/26/25, 3:59:05 PM",1h 57m 19s,Daniel-Kewin.Chifa@endava.com,Dava.X Academy - ETL Theory training sessions,2h 32m 16s
Vlad-Stefan Sas,"6/26/25, 2:01:47 PM","6/26/25, 3:59:37 PM",1h 57m 50s,Vlad-Stefan.Sas@endava.com,Dava.X Academy - ETL Theory training sessions,2h 32m 16s
Denis Roca,"6/26/25, 2:01:47 PM","6/26/25, 3:59:02 PM",1h 57m 14s,Denis.Roca@endava.com,Dava.X Academy - ETL Theory training sessions,2h 32m 16s
Alexandru Dumitru Ionita,"6/26/25, 2:01:48 PM","6/26/25, 3:59:43 PM",1h 57m 54s,Alex.Ionita@endava.com,Dava.X Academy - ETL Theory training sessions,2h 32m 16s
Ilinca Maria Popovici,"6/26/25, 2:01:48 PM","6/26/25, 3:58:59 PM",1h 57m 10s,Ilinca-Maria.Popovici@endava.com,Dava.X Academy - ETL Theory training sessions,2h 32m 16s
Diandra Fechita,"6/26/25, 2:01:50 PM","6/26/25, 3:58:58 PM",1h 57m 7s,Diandra.Fechita@endava.com,Dava.X Academy - ETL Theory training sessions,2h 32m 16s
Adrian Visan,"6/26/25, 2:01:52 PM","6/26/25, 3:57:41 PM",1h 55m 49s,Adrian.Visan@endava.com,Dava.X Academy - ETL Theory training sessions,2h 32m 16s
Iuliana Raluca Butnariu,"6/26/25, 2:01:54 PM","6/26/25, 3:59:16 PM",1h 57m 22s,Iuliana-Raluca.Butnariu@endava.com,Dava.X Academy - ETL Theory training sessions,2h 32m 16s
Cornelia Cojocari,"6/26/25, 2:01:54 PM","6/26/25, 3:58:25 PM",1h 47m 14s,Cornelia.Cojocari@endava.com,Dava.X Academy - ETL Theory training sessions,2h 32m 16s
Sorin Cristian Miron,"6/26/25, 2:02:00 PM","6/26/25, 3:59:47 PM",1h 57m 46s,Sorin-Cristian.Miron@endava.com,Dava.X Academy - ETL Theory training sessions,2h 32m 16s
Tudor Leonte,"6/26/25, 2:02:04 PM","6/26/25, 3:59:23 PM",1h 57m 19s,Tudor.Leonte@endava.com,Dava.X Academy - ETL Theory training sessions,2h 32m 16s
Andrei Apostol,"6/26/25, 2:02:04 PM","6/26/25, 3:57:55 PM",1h 55m 51s,Andrei.Apostol@endava.com,Dava.X Academy - ETL Theory training sessions,2h 32m 16s
Patric Caliman,"6/26/25, 2:02:06 PM","6/26/25, 3:50:21 PM",1h 48m 14s,Patric.Caliman@endava.com,Dava.X Academy - ETL Theory training sessions,2h 32m 16s
Andrei Tudor Grumazescu,"6/26/25, 2:02:07 PM","6/26/25, 3:58:57 PM",1h 56m 49s,Andrei-Tudor.Grumazescu@endava.com,Dava.X Academy - ETL Theory training sessions,2h 32m 16s
Darius Cosmin Vararean,"6/26/25, 2:02:10 PM","6/26/25, 3:59:44 PM",1h 57m 34s,Darius-Cosmin.Vararean@endava.com,Dava.X Academy - ETL Theory training sessions,2h 32m 16s
Mihaly Richard Teutsch,"6/26/25, 2:02:11 PM","6/26/25, 3:59:37 PM",1h 57m 25s,Mihaly-Richard.Teutsch@endava.com,Dava.X Academy - ETL Theory training sessions,2h 32m 16s
Alexandru Serban,"6/26/25, 2:02:16 PM","6/26/25, 3:59:20 PM",1h 57m 3s,Alexandru.Serban2@endava.com,Dava.X Academy - ETL Theory training sessions,2h 32m 16s
Alexandru Cristian Grajdeanu,"6/26/25, 2:02:16 PM","6/26/25, 3:57:36 PM",1h 55m 19s,Alexandru-Cristian.Grajdeanu@endava.com,Dava.X Academy - ETL Theory training sessions,2h 32m 16s
Alexandru Zosin,"6/26/25, 2:02:16 PM","6/26/25, 3:59:26 PM",1h 57m 9s,Alexandru.Zosin@endava.com,Dava.X Academy - ETL Theory training sessions,2h 32m 16s
Raluca Roiban,"6/26/25, 2:02:22 PM","6/26/25, 3:58:39 PM",1h 56m 17s,Raluca.Roiban@endava.com,Dava.X Academy - ETL Theory training sessions,2h 32m 16s
Anca Vasilica Iacob,"6/26/25, 2:02:26 PM","6/26/25, 3:58:57 PM",1h 56m 30s,Anca-Vasilica.Iacob@endava.com,Dava.X Academy - ETL Theory training sessions,2h 32m 16s
Csilla Boglarka Nagy,"6/26/25, 2:02:28 PM","6/26/25, 3:59:23 PM",1h 56m 55s,Csilla-Boglarka.Nagy@endava.com,Dava.X Academy - ETL Theory training sessions,2h 32m 16s
Serafim Uliuliuc,"6/26/25, 2:02:31 PM","6/26/25, 3:59:00 PM",1h 56m 29s,Serafim.Uliuliuc@endava.com,Dava.X Academy - ETL Theory training sessions,2h 32m 16s
Denisa Lutic,"6/26/25, 2:02:32 PM","6/26/25, 3:59:21 PM",1h 56m 49s,Denisa.Lutic@endava.com,Dava.X Academy - ETL Theory training sessions,2h 32m 16s
Denisa Ibanescu,"6/26/25, 2:02:34 PM","6/26/25, 3:59:25 PM",1h 56m 50s,Denisa.Ibanescu@endava.com,Dava.X Academy - ETL Theory training sessions,2h 32m 16s
Stefania Diana Stirbu,"6/26/25, 2:02:39 PM","6/26/25, 3:59:27 PM",1h 56m 48s,Stefania-Diana.Stirbu@endava.com,Dava.X Academy - ETL Theory training sessions,2h 32m 16s
Liviu Istrate,"6/26/25, 2:02:39 PM","6/26/25, 3:59:31 PM",1h 56m 52s,Liviu.Istrate2@endava.com,Dava.X Academy - ETL Theory training sessions,2h 32m 16s
Madalina Puia,"6/26/25, 2:02:42 PM","6/26/25, 3:59:42 PM",1h 57m,Madalina.Puia@endava.com,Dava.X Academy - ETL Theory training sessions,2h 32m 16s
Andreea Cacenschi,"6/26/25, 2:02:43 PM","6/26/25, 3:31:11 PM",1h 28m 27s,Andreea.Cacenschi@endava.com,Dava.X Academy - ETL Theory training sessions,2h 32m 16s
Aron Domokos Telegdy,"6/26/25, 2:02:47 PM","6/26/25, 3:59:01 PM",1h 56m 14s,Aron.Telegdy@endava.com,Dava.X Academy - ETL Theory training sessions,2h 32m 16s
Radu Branici,"6/26/25, 2:02:47 PM","6/26/25, 3:59:24 PM",1h 56m 37s,Radu.Branici@endava.com,Dava.X Academy - ETL Theory training sessions,2h 32m 16s
Alexandru Gabriel Cazan,"6/26/25, 2:02:49 PM","6/26/25, 4:00:14 PM",1h 57m 24s,Alexandru.Cazan@endava.com,Dava.X Academy - ETL Theory training sessions,2h 32m 16s
Victor Valentin Vladulescu,"6/26/25, 2:02:53 PM","6/26/25, 3:41:05 PM",1h 26m 22s,Victor-Valentin.Vladulescu@endava.com,Dava.X Academy - ETL Theory training sessions,2h 32m 16s
Vlad Cojocaru,"6/26/25, 2:02:53 PM","6/26/25, 3:59:50 PM",1h 56m 57s,Vlad.Cojocaru@endava.com,Dava.X Academy - ETL Theory training sessions,2h 32m 16s
Mihai Alexandru Militaru,"6/26/25, 2:02:57 PM","6/26/25, 2:46:23 PM",43m 25s,Mihai-Alexandru.Militaru@endava.com,Dava.X Academy - ETL Theory training sessions,2h 32m 16s
Alexandru Edves,"6/26/25, 2:02:58 PM","6/26/25, 3:56:02 PM",1h 53m 3s,Alexandru.Edves@endava.com,Dava.X Academy - ETL Theory training sessions,2h 32m 16s
Denisa Maria Gorea,"6/26/25, 2:03:04 PM","6/26/25, 3:35:08 PM",1h 32m 3s,Denisa-Maria.Gorea@endava.com,Dava.X Academy - ETL Theory training sessions,2h 32m 16s
George Eduard Achiriloaei,"6/26/25, 2:03:04 PM","6/26/25, 3:58:17 PM",1h 55m 13s,George-Eduard.Achiriloaei@endava.com,Dava.X Academy - ETL Theory training sessions,2h 32m 16s
Madalina Demian,"6/26/25, 2:03:14 PM","6/26/25, 3:59:06 PM",1h 55m 52s,Madalina.Demian@endava.com,Dava.X Academy - ETL Theory training sessions,2h 32m 16s
Ioana Victoria Zinveliu,"6/26/25, 2:03:23 PM","6/26/25, 3:58:51 PM",1h 55m 28s,Ioana-Victoria.Zinveliu@endava.com,Dava.X Academy - ETL Theory training sessions,2h 32m 16s
Huba Nemet,"6/26/25, 2:03:30 PM","6/26/25, 3:59:34 PM",1h 56m 3s,Huba.Nemet@endava.com,Dava.X Academy - ETL Theory training sessions,2h 32m 16s
Andrei Titus Pavel,"6/26/25, 2:03:35 PM","6/26/25, 3:59:04 PM",1h 55m 28s,andrei-titus.pavel@endava.com,Dava.X Academy - ETL Theory training sessions,2h 32m 16s
Andrada Maria Tinta,"6/26/25, 2:03:43 PM","6/26/25, 3:58:53 PM",1h 55m 10s,Andrada-Maria.Tinta@endava.com,Dava.X Academy - ETL Theory training sessions,2h 32m 16s
Stefan Cotos,"6/26/25, 2:04:04 PM","6/26/25, 3:59:24 PM",1h 55m 19s,Stefan.Cotos@endava.com,Dava.X Academy - ETL Theory training sessions,2h 32m 16s
Mihnea Daniel Popescu,"6/26/25, 2:04:14 PM","6/26/25, 3:57:20 PM",1h 53m 6s,Mihnea-Daniel.Popescu@endava.com,Dava.X Academy - ETL Theory training sessions,2h 32m 16s
Celia Ciurchil-Giurgiu,"6/26/25, 2:04:20 PM","6/26/25, 3:59:36 PM",1h 55m 15s,Celia.Ciurchil@endava.com,Dava.X Academy - ETL Theory training sessions,2h 32m 16s
Daria Craciun,"6/26/25, 2:04:22 PM","6/26/25, 3:58:52 PM",1h 54m 30s,Daria.Craciun@endava.com,Dava.X Academy - ETL Theory training sessions,2h 32m 16s
Raul Birsan,"6/26/25, 2:04:36 PM","6/26/25, 3:59:32 PM",1h 40m 55s,Raul.Birsan@endava.com,Dava.X Academy - ETL Theory training sessions,2h 32m 16s
George Nicolae Botos,"6/26/25, 2:04:57 PM","6/26/25, 3:50:22 PM",1h 45m 25s,George-Nicolae.Botos@endava.com,Dava.X Academy - ETL Theory training sessions,2h 32m 16s
Marius Beschieru,"6/26/25, 2:05:27 PM","6/26/25, 3:59:23 PM",1h 44m 19s,Marius.Beschieru@endava.com,Dava.X Academy - ETL Theory training sessions,2h 32m 16s
Adina Gheorghevici,"6/26/25, 2:05:29 PM","6/26/25, 2:41:31 PM",36m 2s,Adina.Gheorghevici@endava.com,Dava.X Academy - ETL Theory training sessions,2h 32m 16s
Catalin Festeu,"6/26/25, 2:05:31 PM","6/26/25, 3:52:02 PM",1h 45m 6s,Catalin.Festeu@endava.com,Dava.X Academy - ETL Theory training sessions,2h 32m 16s
Ioana Alexia Popa,"6/26/25, 2:05:34 PM","6/26/25, 3:59:54 PM",1h 54m 20s,Ioana-Alexia.Popa@endava.com,Dava.X Academy - ETL Theory training sessions,2h 32m 16s
Catalin Ursu,"6/26/25, 2:06:06 PM","6/26/25, 3:41:57 PM",1h 35m 50s,Catalin.Ursu@endava.com,Dava.X Academy - ETL Theory training sessions,2h 32m 16s
Bianca Popescu,"6/26/25, 2:06:35 PM","6/26/25, 3:36:47 PM",1h 30m 11s,Bianca.Popescu@endava.com,Dava.X Academy - ETL Theory training sessions,2h 32m 16s
Alexandru Lazar,"6/26/25, 2:07:20 PM","6/26/25, 3:51:16 PM",1h 43m 55s,Alexandru.Lazar@endava.com,Dava.X Academy - ETL Theory training sessions,2h 32m 16s
Maria Iulia Zdrenghea,"6/26/25, 2:07:58 PM","6/26/25, 3:58:58 PM",1h 51m,Maria-Iulia.Zdrenghea@endava.com,Dava.X Academy - ETL Theory training sessions,2h 32m 16s
Rares Agachi,"6/26/25, 2:11:19 PM","6/26/25, 2:52:00 PM",40m 40s,Rares.Agachi@endava.com,Dava.X Academy - ETL Theory training sessions,2h 32m 16s
Alin Avram,"6/26/25, 2:12:57 PM","6/26/25, 3:23:14 PM",1h 10m 16s,Alin.Avram@endava.com,Dava.X Academy - ETL Theory training sessions,2h 32m 16s
Stefan Gabriel Verde,"6/26/25, 2:18:45 PM","6/26/25, 3:20:36 PM",59m 53s,Stefan-Gabriel.Verde@endava.com,Dava.X Academy - ETL Theory training sessions,2h 32m 16s
Laura Rusanescu,"6/26/25, 2:33:43 PM","6/26/25, 3:58:56 PM",1h 25m 12s,Laura.Rusanescu@endava.com,Dava.X Academy - ETL Theory training sessions,2h 32m 16s
Cosmin Chirazi,"6/26/25, 2:35:27 PM","6/26/25, 3:15:52 PM",40m 24s,Cosmin.Chirazi@endava.com,Dava.X Academy - ETL Theory training sessions,2h 32m 16s
Stefan Stescu,"6/26/25, 2:50:10 PM","6/26/25, 3:59:19 PM",1h 9m 9s,Stefan.Stescu@endava.com,Dava.X Academy - ETL Theory training sessions,2h 32m 16s
Cosmin Adrian Neamtiu,"6/26/25, 3:03:02 PM","6/26/25, 3:24:23 PM",21m 21s,Cosmin-Adrian.Neamtiu@endava.com,Dava.X Academy - ETL Theory training sessions,2h 32m 16s
